# Suranjan Kumar Ghosh, Abinash Boruah
# RockOn
# ML-CUP25
# 22 January 2026
1,-4.597132719900739,-8.026603284959425,11.14372192870904,-2.7052605278080937
2,-3.178347833426186,-10.376782620861784,-35.97354893253114,20.01368034266631
3,-6.45048845270276,-1.9649930182784567,6.194142255443877,18.510663090844982
4,-18.6707784424504,-2.4800865135521533,-42.66253109118433,-3.929352273694183
5,1.8745715080396896,-20.0423426916572,-8.026545267303012,42.28403868124117
6,8.333896259245456,-3.0687052077486854,3.6975180020196254,-8.420601498008017
7,-5.073986564075523,11.810294515492371,-48.18545341811485,9.29017320563087
8,3.3544600395182345,-0.6791364960668166,5.812211803336561,-12.174774393665484
9,5.748420936841663,-13.87942530048404,27.66887157942424,-12.344370124950096
10,1.2747145256874883,-5.389239140995428,1.4110684909470907,-7.844673843816855
11,-10.634491749996394,16.174343412405005,15.234987190465224,-19.404772788280138
12,-6.601289909956828,-16.43436071890855,23.47673516480557,-15.092385645711865
13,3.846412744925103,-5.336415052066015,13.076817926435863,-12.754922615226528
14,1.6075067356689583,5.164112335362908,6.752679726060531,-3.89667241854391
15,2.7437736836850632,-12.692089611949411,-7.04486278660188,9.14922129184702
16,-13.03503821422753,-0.0461420787010831,20.97293325065824,-14.077335413867448
17,-19.76496447636764,5.789865175253849,-26.81851085833927,17.20519145158827
18,1.207697639108967,8.72084515295178,11.522169911792508,-2.761817303700423
19,14.88511396111524,12.739709688578388,-10.788069532642211,15.51792152270589
20,-13.846430589566486,-1.332336153695394,14.63929937058722,-20.544547253582
21,16.06490078700328,14.861820090164825,-11.328087309124175,38.43215883105613
22,-7.010294540670079,0.4081980813354818,6.780607414710685,-8.268555258416155
23,6.564843583548338,-5.970191070939857,19.447559853706643,-10.837317298637869
24,-11.6378899755857,3.3914258265484207,-28.406346669857296,9.81101810777782
25,-18.67912758868845,-11.91176777026534,20.8101906616054,-19.954097754144087
26,10.89311046177121,-11.185867962740916,-43.10961972382203,13.283768270663815
27,8.905464771950125,-10.137639433750282,14.22915665944688,-13.14741281261337
28,-11.64425424485266,22.66207665054868,0.9253038007895796,-8.65288719549966
29,-12.363402793461312,6.309324777374292,15.075428186055,-23.91416832568688
30,-27.677761038446647,9.712575194632484,-34.78022276956078,19.46709183658181
31,-13.064653061543854,-12.919047132902245,29.17995918120481,-8.531069791745548
32,5.846981948172866,-7.905186842233507,-26.458507344371345,30.45177969505201
33,-2.681713338590328,-6.813899139312344,7.102538250593305,24.646049897633
34,4.351654666557939,4.131736620599147,-18.68797208581247,34.14242266558469
35,5.788447618829097,-10.234767896447112,-17.78839811298406,40.62449908872391
36,18.873957380355108,-10.36761832585069,26.083763907843643,-12.90091954796125
37,-5.574277003259159,-13.044728501317184,3.6796183682794745,-10.667588293675433
38,8.200904572602667,-17.232192702695492,-16.506126710244224,39.22482693708245
39,21.19627568817375,-3.947051118857445,-23.596232650268,26.51555391359304
40,18.052713058295083,14.84858912254587,-22.35543420254192,23.45181298550499
41,-19.287315915122434,15.423543461263462,-32.13919215031958,14.191569153855369
42,15.839962021650734,-0.9939831594331424,27.19731525572525,-10.54014270296604
43,7.190948075301854,-4.655864615646896,6.969041939651346,-33.945198202738204
44,-16.61415497346755,8.594393301494389,-28.08778518257715,23.24078416101339
45,9.72263657340734,15.069703526112336,-13.933985122212146,26.92824238102896
46,3.674835202838899,24.436898541754783,-45.29659725938541,14.388082766460004
47,12.602445097599723,-4.140886627360848,15.211413163262051,-15.551674918994385
48,19.31648896016582,2.180391516892861,-38.39309982308736,15.782299568163236
49,-0.8504963061245407,13.616003623990784,11.580288806609822,-22.17874681612957
50,-6.33511948270398,-6.511468174188039,-21.26699412417679,17.774187893263484
51,-8.727160451278362,-11.00674009463509,-15.16953889954089,32.945668096613794
52,-34.381510990260594,3.9397816822536313,-20.633796846373208,40.220510686213146
53,-3.115011576216922,-16.49732352212149,36.01746286302973,-8.187047804263052
54,1.050406201251895,5.980072865434817,-7.5006638144791715,43.52321902061394
55,4.903446322067426,-1.7216690865805646,10.747181511566271,-6.827374643621328
56,0.1937968571294382,2.4898796286054448,-9.84474611677134,38.74600251455626
57,22.310205857719616,7.496192693344168,-25.22999711232456,30.607178408080536
58,2.60696173254232,-0.4210722728611322,17.29714982196711,-17.151572025981483
59,7.800649029894828,-32.107733587615805,-18.28177364278351,34.447941823327064
60,-0.0370364735629571,15.451483601991972,-20.48882564281366,27.606609466307905
61,-18.02793442580265,7.779121801432514,-18.42627606075434,17.592652738574206
62,-6.309370520239437,10.833371288347108,7.118818193843056,-26.26420670182796
63,16.54868046781725,-17.5771675270582,4.052404158643672,-40.09410917901946
64,-2.9447572828287707,0.8025094218113027,11.244688903822816,-30.16634913232713
65,-17.597081840853924,5.888749971304679,16.95572315419723,-19.004071141332577
66,0.5069844606106618,1.058065650156223,15.56160745860446,-24.24318526320792
67,-28.006018315015872,4.918852050127787,-27.629327006893725,26.73564953409341
68,15.47486795293505,-8.27612142023515,24.889134219635743,-13.513741564578636
69,-21.90428972010104,14.902013526562811,-24.90899623022493,22.843387412154023
70,0.1949496367566121,7.071498224359317,19.174269412444094,-14.128877924039244
71,-14.233877153836747,-4.220791630604921,17.774186783335686,-14.200013015645778
72,-4.955049670516209,-5.4298566753915845,3.2492937629598084,-3.743372503151574
73,-4.177438073476003,-1.677014869686792,-6.141778029194669,14.553279439523129
74,14.042314006506723,-9.321923927096616,6.878192719801051,-37.4385104773927
75,16.967786599197296,13.599080678563428,-37.27657742075885,17.700974639212255
76,4.225627049769377,3.909625274116459,-4.961709285150811,12.550619207226935
77,3.422422658506023,4.650905606377244,22.24479795615801,-12.32604569390706
78,-4.658045145962325,-8.986672802467432,-15.44830431132234,23.28600329674354
79,-0.5439639951868617,-8.765556599970278,-11.666491655071962,14.33415917797852
80,5.046469513683237,-3.3097224815640285,15.82809348188649,-23.87518062688465
81,19.57220825411116,-9.5869118611799,21.900529641255453,-19.140533653401683
82,3.145329231650458,-17.345247223936894,-25.251722531005555,26.67140766987877
83,-7.073878915540019,-2.4407160255560507,22.327345413632408,-10.319795056239178
84,-31.147818208463164,10.640627823022308,-24.88305820509033,15.816527021195348
85,7.860883995178578,6.062586001008035,15.490309813902837,-11.13364630476048
86,8.401360541988437,-2.071919648734037,13.947856186994937,-9.998144865435998
87,-1.0575276295058718,-6.07624683739895,-10.72249440247422,14.336764640944356
88,-1.8739958194017048,35.26793496276096,-25.96923111154616,30.06908339266216
89,8.701976845088904,3.128790943056694,10.851733387278427,-11.278340850483604
90,-28.249400502649834,0.5471060313806988,-27.71574527201041,27.728625115449844
91,10.423648420844932,-14.029321822422618,7.551630577088359,-27.80682591429393
92,-3.352948436701485,-4.520651523304865,-8.492854776559188,13.200627649267286
93,-4.843410145613472,-4.447422384789827,20.87774162932444,-6.503150806866612
94,-14.61688639344925,-6.147436510579282,-22.426850290296827,25.480397727456896
95,-14.607941066175105,14.045888705947732,18.76229706774914,-10.903863914588506
96,-8.357653385880925,10.06322687455637,8.995301687233821,-5.583821388809795
97,-0.7918584252693113,-6.595089475076676,8.176847264993295,-10.46379788356022
98,-1.1934021166701183,-3.5684431291387115,-2.559338008709146,-12.22083405725568
99,-6.263827282997814,2.695878911825861,11.25310552358625,9.218156929317471
100,11.977147603290112,-17.13098284110663,28.210893295137414,-15.613781866580132
101,-4.360152209064592,0.7968358468303269,8.771196410455872,-2.514738018663563
102,5.404818451415058,4.182169548644705,-17.25436302583415,12.626847926747889
103,7.443596550329216,-2.0539018404643348,-17.36939218907983,2.712787612449474
104,7.573688112135879,-1.5650498719190415,-1.1000278424783132,-16.12962770151534
105,8.31831992317815,-18.89424580002493,25.359855714473337,-17.594523334629887
106,16.57667998065905,-5.175568091605634,-0.3106104022730362,46.99724410207764
107,18.488868512246725,-5.304458074721405,-17.82547830070815,31.29141992751497
108,8.273935791662497,3.4155704972311254,-24.710433614160763,16.853603950293593
109,22.65752896658222,-18.52904292146744,-26.22811056660492,18.03120563244729
110,19.85404941002245,10.422793789549774,-20.59354204026644,29.63479867005386
111,0.2337883422050241,7.057969939424385,-12.00513869006558,14.56257509810361
112,21.40495894739192,2.6768275005116267,-22.04871064709066,22.19714115413038
113,-26.74697874420906,-2.4392349874883794,-14.588978138712896,46.52603595073762
114,31.498188403084832,-9.23520789346504,-21.6874623550363,29.80485745261712
115,17.022817994125667,-11.032240020006013,19.39135567292323,-21.33977363657136
116,-10.047079021974495,-16.268809916323995,20.912263274054,-2.3776094749141765
117,8.143153664214118,-30.4680467257264,-10.56593230364153,21.69196288465981
118,-11.461031656780476,-15.623480459551253,-17.2773500270392,42.78413711506951
119,2.4995377996823844,-17.04441560698277,-49.732806671067166,9.795445438568288
120,4.647710221643766,18.31014355494483,-36.72546450022994,16.62831175187683
121,2.737600187477495,-22.803027623364063,-15.8309352803075,38.893131068009936
122,13.885330605271331,3.347084803575105,-24.42266511493275,24.38978261686991
123,2.9237814374487003,5.980675194581354,4.503388546692399,-4.475174835931819
124,-14.414460985426974,12.36946685135663,12.41261536864426,-27.347302884014336
125,-18.01759748570472,1.4502254702372406,-16.387927861358442,38.36051896649121
126,-6.53065934169091,0.4412213401416646,18.14604542331005,-19.90954098740865
127,-7.599186033801752,16.253027060501786,-31.463620744507,3.632215436124318
128,-36.949001438411806,-4.8813069589397164,-49.9250233029938,3.0981823657200023
129,-8.763516035215797,-2.363319231559684,10.748404782628958,-10.260767461812142
130,1.8207713167839947,-0.7143251052278636,25.40625142001232,-16.48432847934739
131,-2.94977498961505,-7.824143238342363,3.8478363153763264,0.3085084356667154
132,-6.250145286068954,19.39676668708595,16.919091665179987,-19.028474726117217
133,-8.124556368870103,-1.485296555520824,10.436648592592542,-11.007230421160054
134,4.2710584745124045,10.908093917349598,-13.348641390761266,15.197026291584
135,-1.1036719755465312,-4.4552567106754974,0.2213087395454525,-9.77635272262958
136,-10.010171225073812,14.75189215373726,2.866864055901852,-10.25804194989466
137,-0.2715111250192588,-12.295541326043102,15.967704600727608,-5.295722882291491
138,-18.88885318632901,3.792477520932322,-33.219722761655724,12.59798761553829
139,-22.26755690592823,5.634878009079498,-14.058937014528944,19.60065149737318
140,8.790646777931784,9.381594957439791,-34.96545206470346,3.3765613325340564
141,-10.294599042678636,-11.572834979902147,-20.603179248732204,18.34611471452291
142,-0.2344290600160208,-8.87910726360794,-12.837598116739182,36.31802396641656
143,5.699899629144703,-5.986097216761737,10.191212431926614,-6.763043341337529
144,5.394396916514225,-1.386814626463281,18.06825773801385,-15.164533184029857
145,-13.580976762047708,16.531849179255325,15.196140809241864,-17.697999023913148
146,-0.4195501865287965,4.077830295570628,18.68043871155272,3.554670831860078
147,-0.4246477065894314,-28.598005088672195,-18.71858439370376,23.05170005592803
148,6.887945348673627,16.73481577571537,-11.709435822925974,27.244457903166072
149,13.402039566412334,15.605071855759308,-12.240374380748998,18.856773808625103
150,12.209100293935297,18.384132864764737,-37.95692656484686,13.268132450247878
151,22.32142432228609,9.653175146388824,-17.642529546688174,32.245294104058814
152,10.1582935471027,19.07697155319074,-34.385927438987515,19.061898755073777
153,-22.82522327386217,6.477564488636879,-32.62413000499508,14.9580431480398
154,-0.0783522433503953,4.746966722400503,-4.1977587338567295,0.974751922898648
155,20.739699811400257,-21.23556287826889,-12.479382077408928,39.286713856994886
156,0.8513506900189318,11.991686706603634,11.978880210721895,-24.993046666118204
157,-24.26568518368307,-21.71053580928482,-54.798063863674415,1.3274772775233563
158,6.008520597762726,12.605204152878354,-12.050603693291857,10.038002305162076
159,3.4100159390450235,-10.49702454596338,-7.025425146583983,15.565110655152862
160,-11.329213262413404,-6.10123733256807,33.03045734545761,-7.348745957022684
161,-10.455129832349703,-1.196719517174709,17.430396055787398,-13.09711942821348
162,10.029885818716924,9.547974968785248,-11.447683870805632,14.643029911538626
163,4.719217921299982,-7.2046628048559205,1.5975455668893788,-2.823499818342032
164,-15.14929633111581,-6.589116127694773,-39.25567286791448,13.932602797829228
165,-15.369294461594691,-0.4367870036409129,12.174061776825138,-10.396753611422715
166,3.609133989342669,-6.365935167623967,12.146967399928162,-25.090235928557107
167,20.31349933782034,-13.70715419939497,23.238879075615696,-14.976334839310647
168,0.1520268677145982,-27.39883902209588,-20.29302292943468,28.04900721225679
169,15.457207807250354,-7.364938889678205,10.742482803006146,-23.393077693045488
170,-8.585341022801622,20.04057278141914,-26.065401395353987,12.610848472956537
171,19.555100432154354,12.588415381022624,-21.23414677082136,35.383253560135294
172,-6.897205836567349,-12.567856796309323,19.120196426189,-7.340983263471305
173,2.948327496922756,-12.126411193057594,-14.166079971551683,38.287413300897846
174,9.991315943304862,4.7079930577454485,12.458590861729306,-17.083383076036206
175,-18.81978899621351,0.5019994139196859,-21.247320228609127,28.68416242936863
176,15.976168928386574,3.154561412406724,20.362896103345783,-11.744475876205378
177,9.04166685771651,13.195179967812711,-15.940241578101368,25.79160366146014
178,2.7044782014648363,19.213178953480828,-14.532078829835823,8.388502975951786
179,-18.58292189786128,-1.9021845555332169,-31.494921142281253,21.02845685611064
180,-8.883048146125878,0.2879015434945737,18.232254288840824,-4.95687923321559
181,-13.204740255167806,-9.10920548225455,-45.72780323845604,0.7858105075429354
182,17.028891683702277,-21.79032004560821,-3.313625013782416,49.2725016462438
183,-5.262138093817308,9.369817199353632,9.798865185853709,-8.982972487130285
184,19.78826934281794,12.92933346426683,18.316775460366536,-15.259544741403966
185,8.482500583672318,-1.3527381086214418,-53.78055548207531,5.746869182320788
186,17.41846228516772,-4.266427650179849,25.07308308952434,-11.58541503324118
187,6.381713373550309,-0.1945854823151676,3.4323805504512594,-14.768377049576666
188,-2.119999504475865,-11.393124817883985,-2.620971127025614,23.41209597704584
189,-8.711922810285362,21.289861888197187,-44.6306400905244,15.9963043640837
190,8.802302739249221,18.799119572298885,-20.986145989241777,36.0658100847264
191,-24.013270292696497,3.164875157951229,-26.758868131529525,12.580286000280246
192,-19.87837738817112,4.542985631078537,14.6829824829763,-18.87184884643833
193,-16.056099113791895,-0.4183916736997813,17.580630961271943,-22.961251660776032
194,10.574867546208315,0.4306934307507346,19.754390021426257,-1.0621073650851325
195,3.160885124270694,4.917789985343508,15.786473986658777,-7.639338522749686
196,1.6722126602760086,17.43424069921761,-33.19814865687152,2.247385152966201
197,-6.8405831380858695,8.53512844351103,-1.1469165974579916,-2.770065187746604
198,9.884722369745049,-6.429627909608303,11.513203552213351,-3.5049622970804166
199,-22.62057536894781,0.4032150241304696,-37.23006211237384,7.192761176669036
200,0.0158179294237376,16.60748881804797,17.886495678855848,-6.994292323482895
201,13.23446238069686,5.138844436400737,-35.46380105012419,16.21052908428386
202,-9.850075682817492,-6.8425309162594,11.641026726402671,-29.68278169317657
203,9.914557165535388,-7.02240934848435,-14.666610853406349,10.392225240171244
204,13.210869355566476,-2.215623972584416,31.54399618469416,-6.702430308850959
205,-1.5620640856193828,21.618175624655983,12.925261561088613,-20.51262926609724
206,-0.8419401736186818,0.1594715804035895,2.1618810530517982,-2.01235246212659
207,-6.231814678295865,10.143504863322402,20.29758430853896,-2.90257856588052
208,-10.40833332321365,-3.503590184905436,18.38528042766485,-4.58817325723607
209,0.8307169878167775,11.668045787798889,19.751527955798608,-10.83511999266764
210,-1.3353694497510464,-3.594105113792608,-2.795471814123953,19.59090553017929
211,21.563512194811096,17.85760003621945,-21.80728531573175,28.408781690755585
212,-34.41270231518668,-22.58392834404571,-32.005239909489724,23.431028615920656
213,1.4914519000905029,-18.413136013696526,12.150747065850975,-26.23390030715299
214,-0.2033540908281397,-4.101635611850497,-10.084767749720672,2.6479241778765235
215,10.972138320830036,-33.41883520352367,-26.786217283446863,31.096423155434625
216,-6.233446940701283,-1.5034920602297586,-26.83143317720521,23.201518111054234
217,23.27003447153524,18.381713350837188,-18.067853709166464,28.45864108581312
218,2.276278373391153,0.0568952617667851,-0.6224350523662405,-6.570700990235034
219,-0.8148699145100433,4.64106048116976,9.695573968777362,-6.150525437715407
220,18.09092001665373,-8.160443311227636,25.756353988990703,-13.94589734937634
221,-3.8134607312311015,-14.267766749868263,12.20341299127762,-29.12744578668743
222,20.891018754874345,-8.730769854833358,20.816457604645347,-21.19112854490789
223,2.0577274045793224,-16.60072995514846,20.078254859287227,-24.082513487376588
224,8.633001496658322,0.1522883376156228,13.56558099071379,-5.590262097155302
225,13.875543872072075,2.601220250749635,-18.82798422340371,8.809814916095432
226,-19.76605159910585,14.431801388298656,-38.74732428597435,1.5337511255057894
227,1.3717658659237766,-11.625135462341555,-13.389267773102564,12.677770142989
228,-8.561314817360199,0.1414263613971387,22.385658816916106,-13.946564886227128
229,6.805372849663647,9.755187023999111,-6.58626112614718,39.335918161819855
230,0.1801660719528522,11.79413327542174,-24.987083635490634,10.89271762858005
231,12.490237262136676,3.909544921372354,13.502365778961964,-21.749968014506827
232,-7.379987782837096,-32.38290620691913,-23.976481139891145,31.54913526894406
233,15.550940119755245,17.316432888046332,-40.12019609934909,12.03173629818341
234,-9.00505319274719,-8.270686036075265,19.189847247861422,-10.826025748681795
235,7.824370003262837,0.0029093873887924,-2.9896232428611245,14.91955941362156
236,0.8720924213236056,-5.623062609195255,16.77315797899744,-3.301966402806334
237,-6.70311777518562,3.219640484696925,-21.81092684612581,13.30307684845524
238,-19.143808633906104,5.94581233973606,-25.83391085847239,31.446006326970544
239,-2.41718188555751,-26.71190517798533,-39.09383861413257,3.954218852297836
240,3.833951807989117,-4.315700723712547,2.136208743959488,-3.5596448824512747
241,-2.693528666440529,-1.477025433813153,-4.133963683209999,-7.057000118468217
242,21.19586792037903,-11.022976333134306,22.333849173435745,-21.86741907239856
243,-0.1708341545525323,14.03036318981253,-40.77013063256169,12.496939084082689
244,11.033757083112071,10.313637508659804,12.396526126462868,-16.21843580115198
245,-9.350917894697009,3.1064397205500063,12.05572456711758,-14.073683860556663
246,-6.157549614357206,-3.481659460645006,10.04622869495856,-30.732416572127484
247,1.3901304971577846,-6.522599575620864,11.153020682907854,-6.635845721017429
248,2.73355149075411,5.362387814981309,-5.90439199468636,0.1059393965269275
249,-3.397644135723892,12.983302690973296,-24.321114244246747,10.299415347533555
250,9.2568108006124,-0.1821014334693183,30.00282043688693,-7.232632095318188
251,-2.139310512442653,7.023924969574743,-30.086619917180453,19.75930271472533
252,22.34683870041811,-4.42848405055615,-18.260981627329315,38.38409664603821
253,-20.36872167244963,10.498348428231363,-27.36416950173187,19.67542858506117
254,-19.16227294413677,-18.99525120260132,-5.514596718192216,54.959598009583885
255,0.0735096749610603,17.84645833118928,-33.24913781631475,7.45882468593714
256,17.60400557900362,-4.251815518682267,-34.7148997005544,6.402996823128494
257,-1.3830993558453726,7.823106710253389,5.0892083259671015,-5.051054132100019
258,0.0651830778522152,18.68454411792347,-29.64235646834087,28.14648207357093
259,8.861658087087923,15.262331478411475,-17.040684792546823,26.959908098308983
260,-8.49635666595693,16.854336424536935,11.054221477423678,-9.57624760624286
261,7.8139238507139055,-6.5903197533690765,6.694858364850068,-15.337515350621564
262,0.2111471718600732,-4.802525258494027,13.033382079533958,-3.5537947017676808
263,-21.7996657491601,-1.1863397123209352,-15.714691133304145,25.824658980515263
264,4.335867410752141,5.726139352239536,12.81070235614989,-4.001320341121655
265,9.957766943892247,5.92523310953221,16.866066737206072,-4.434442570777955
266,-2.4027857644588724,-14.825106985270244,27.46339294856592,-15.95904701068524
267,4.375372543388323,25.685149350281712,-33.02761458080253,16.626204799998856
268,2.137631573802988,18.417000187187806,-38.40061640559805,-0.853981401254488
269,7.411540281098755,18.81189973901205,8.280048693794779,-27.86036816441167
270,13.247999008432494,14.184508709706732,-13.713091516671186,14.808543005115151
271,-0.6640826070380836,-10.04846895844396,16.468545033402584,-23.48131586986086
272,-12.664270859064226,-3.3804583771211023,23.3497721732405,-7.693698158268264
273,3.433981518186416,1.5040861786797792,-11.434950642084656,42.617328179853246
274,-18.560986672917984,3.208454340241402,-17.76582642864844,15.9542656580437
275,-3.737695319469114,-6.1422085248136025,12.05905192995385,-3.094157069948889
276,-23.38589306407988,5.259390369603774,-38.25782081457052,-2.7318617966461267
277,2.585093129517691,-1.7621901928290535,13.777833357763097,-20.80088156971689
278,-39.392907425712494,2.14282078161414,-43.13867942019387,14.191161667762072
279,-0.3048080667939965,14.208833883293623,-9.937945282105916,27.82278551192275
280,-2.0002628537321083,7.31609754835976,-21.68659318864568,19.87503341105648
281,7.309889682411863,-19.257623241134752,38.309874766686185,-4.254457373945032
282,12.483118815919386,-13.502311892881044,-39.30706121500378,4.901422393978644
283,-23.66380529595631,6.041181218925981,-19.273660632243327,30.32841971549847
284,16.924515961710156,-7.322040018452377,33.28643937239675,-5.230572056777639
285,0.9245063694685624,-4.392308473177985,1.010492512771291,5.299248304268504
286,17.578348202380027,20.442025507492787,-17.2601108433805,21.778369200873584
287,7.285531028191391,-12.06511389875047,12.080336876852192,-22.980091275326163
288,14.698962867093623,5.254798433942621,-27.197435361381395,26.765359772453845
289,6.433739741927011,1.5548090825450709,-21.040796961694788,26.82903459950081
290,-24.11160773386316,12.984391878553788,-38.80273057082709,8.377146562028377
291,-3.74095281631922,-12.90620618899564,-11.203627217532343,36.53615960858912
292,-10.664811372787568,10.523818153541004,9.948999500717282,-20.22460393444524
293,-10.103048443609646,-3.64291266978709,17.664154571450677,-3.288129582265145
294,-37.58822934348102,-24.25215329645693,-33.39036516382328,27.84933254454221
295,-3.139093456389332,-24.0095427963996,28.1673324404407,-17.567979562426565
296,2.323401963544036,-15.651586658665586,-22.71933701158464,25.90105900203277
297,-7.72675937985219,-20.12657993652513,20.874500841165226,-13.123665001983904
298,15.539401298654717,-14.33069692620113,22.94313456130306,-16.87604506314495
299,-10.309965218080617,-5.829361349389548,20.160438306566327,-10.195479050183346
300,-3.9901207636450735,-6.653313576363605,5.446883198408024,-6.352580969424469
301,13.759081295455369,9.88879061631647,-21.15224358525672,33.55209884464688
302,20.6531584178322,-25.376175295969293,-4.7037770680753175,40.89102091395512
303,-14.85264130529831,-0.1547677788462624,18.65705126078329,-11.374768893770138
304,5.996172177257906,16.49176340036965,-30.84082346542517,20.67002239159244
305,-4.599599931109898,12.162860027042026,10.509386990168943,-3.14509954319364
306,8.193134131361631,-3.2346100713200068,4.3705576378278455,19.75181331255197
307,-1.81856147076062,-14.839156521291716,8.596470339680165,-15.952898319816349
308,-8.198473563812634,-5.814721401558236,16.858569920125625,-8.3789378217515
309,-21.30263561674284,-24.59088524410011,-26.502874783218363,29.181265082571272
310,-16.54674882198372,9.65530087588517,-19.312414945858137,18.575429076841623
311,10.71604473348968,-19.43058602113356,-1.875339086582466,48.16420860283877
312,5.251267879124686,0.907781054607448,3.784706732811709,-10.49259523222906
313,-11.917843280688542,-5.417946790670194,19.47481981712089,-20.28294885109021
314,-33.27329861329623,5.848917253911177,-66.80232606677245,-3.566479528613241
315,-0.8439019596015969,-11.945477361308326,-13.84469638961619,18.48795730298645
316,1.904569623738524,-1.710262115687928,-0.858048197599564,-2.620183769549445
317,-9.405003971399944,-4.1216520911110175,-18.347200238594542,20.86197115018905
318,-12.390476033631945,2.2198955664235127,17.237984079893707,-22.66751800168092
319,11.813352229721554,-1.6853712280663184,-11.505637711861311,29.835588571448856
320,5.048072216773747,-9.709392383601378,11.120418945152606,-14.030731426896963
321,7.072862213571562,5.976453980189646,13.191551118266943,-13.837734368471052
322,14.197161617212974,-4.6017232405603465,3.5771343291982016,-9.634148721046722
323,-11.473401330089308,-1.825273918385844,18.56300400117249,-13.572998344237716
324,-1.9516478253292573,-1.4195607770172387,-10.156122272128238,25.43100615919256
325,10.41087814816161,16.21394886604708,-21.131079914937423,8.996694619423963
326,4.173655584831915,2.447828003628042,5.013517437571785,-1.6705520968877887
327,-23.798710290992226,0.5841726876503146,-20.08077605461604,30.64066102693236
328,4.683760676266811,-21.55484023793272,-12.686130370382868,39.648581976603495
329,-5.176691333622553,-6.02009266513808,7.462801045318175,5.861635973092341
330,-3.180657363532762,11.871089290755714,10.14402098114854,-9.844067030941828
331,-11.68798408204326,16.089882166650543,16.0641799416433,-14.04123162626428
332,-2.069769364602543,-8.694262866396695,-8.262467792070272,8.226994783056087
333,9.474449789292445,7.461969480768737,16.11433517949565,-17.322920581711966
334,16.246303958268943,-2.417394092102843,5.319006221219134,-26.923183782633807
335,-8.829835743490495,7.618308058937704,-4.417460565193501,-7.748181517742385
336,-17.90044680472856,6.904557190128697,15.574041382074832,-19.72398292272745
337,2.1787571378659494,-4.870509143933362,-28.48179049137105,6.0254531488096905
338,14.803167293038577,11.556155171829502,-30.41584575097223,14.407283204566603
339,4.6885607160288965,-4.900313726976997,3.169302883463519,-1.932827929224912
340,2.8063114599105696,-3.5184172426487583,15.09273277753119,-16.110742486767208
341,-10.266452348716772,-7.762053683462411,16.116986108580953,-26.259309751569425
342,-3.184900827726898,-7.901342213650273,6.275841792936683,-3.3072683890643666
343,8.346331229700386,5.503096671344124,-18.300720106257696,9.91783792067029
344,2.119788371848891,-19.80068625066432,-8.673696022228336,22.72087427642116
345,-10.640036418133468,-6.9619935885532325,-14.37786509143428,29.690944537932136
346,-16.532055674775954,3.2309340407791813,-22.9850129902002,18.428625355108355
347,4.069826528069159,5.376826909675909,11.355906169863928,-5.158536402380278
348,7.538321179435597,11.393407249488217,-20.97361228274176,24.06560343323395
349,1.0475676485146086,8.884798751238883,-30.005582946377164,6.834767981347479
350,-20.62841000790567,18.332357844344347,-36.67575364949338,1.0766657629964196
351,9.821184955235292,12.523644038174329,-16.399920788113796,9.97630547520562
352,-20.945862664222176,4.243460924701014,-21.550253086968045,34.522104809572944
353,2.013052946194927,-0.6588409908846322,11.373259947102444,0.8021109163937226
354,6.3212799093242005,-9.585811861654031,7.2557130140797295,-17.842561817999478
355,17.152012424870406,-11.078038169884543,23.40431988731116,-12.83761778806806
356,19.101641697353585,8.388146810605038,-16.411099503697596,28.82958000137791
357,-0.0553877179545594,8.941300010417047,-36.78363801093416,9.160014459846874
358,10.942611406829467,1.542980533200509,30.358278528622453,-8.792820725879038
359,-3.679992188123693,0.1855320552555364,19.304747904559942,-1.6203948774790455
360,-6.8057024875085,0.0247527399430419,7.650118628399264,-13.87066696164682
361,-12.498321696101568,-33.181995204157126,-7.241185619549265,49.02134958447151
362,4.924596343791643,-0.908145769710626,-4.598784068895214,15.384749390762112
363,3.348723492941402,-28.18382158425461,-43.16146241009508,15.209764777588296
364,2.706828680598964,-29.41129044353269,-24.21035814941949,18.728928900279115
365,-23.797192223454907,6.384680986866021,-32.72899867886721,14.296744387347855
366,-10.058320127244812,17.279967799054994,8.824310613790368,-12.406172360719411
367,10.32255065909304,-27.85144075649552,-22.34495626969025,35.60080410180816
368,-9.554255773336909,-4.120952681339724,15.315653855708591,-10.274919912033392
369,-4.52986996780558,8.486699263124224,22.5588885603172,-6.653273083265278
370,-0.9221597051121148,-10.258641507115298,-3.260195877070699,-6.677117944164541
371,0.1120889659279943,-22.21602253971142,-7.381739413348223,46.23108989829262
372,5.105293930784839,11.64265049845958,14.603735944069156,-7.060716821500703
373,-4.728944516609296,-7.243375451653674,13.25868431285136,-1.4452618907989874
374,-6.252735970891157,-3.3642746667520256,-2.535959797499237,18.89690895981493
375,11.81105489803046,-12.705382279775169,6.798030865726908,-19.59428217525126
376,-14.630531534756711,-5.123279835100668,27.100879233312604,-11.118654033369175
377,23.138814360081,-13.82528448261604,-24.883836398268407,14.943330457481538
378,13.754522640293494,-4.945623181888657,30.145626262215465,-6.120425231068671
379,-2.455335709331278,-11.13763333543517,-13.621506759116157,13.978847623057018
380,-3.883960667911986,11.351922271697523,-14.12909409221642,13.96470184131574
381,-2.102573648313437,-24.907791325401583,-28.551308788789388,12.825911622149324
382,17.45428102425469,-6.482862291416599,26.14011803377448,-10.350863978765355
383,6.021216474435838,0.4490488271166669,11.905595733557728,-4.129265685296316
384,9.82495558788084,-4.871123343883244,9.108487976202998,-30.844376124768345
385,-7.0760520203809145,-4.52101124291507,-32.613625289885086,16.247957664149883
386,-5.206235965102156,-2.799512472714784,8.095511164503018,-4.981914526617443
387,0.6878077075000999,-1.2178653601665768,-1.2594928790080209,22.46657538223432
388,-31.643009939585863,-11.21501434368628,-25.11761046812149,37.84907377101282
389,-13.844628691775288,-5.317447403807731,11.378361371968374,-17.33998713682187
390,-1.9771786630998904,18.03884576073574,4.649235499599383,-20.25387119378105
391,-14.223232125146907,-7.396922324434702,16.31358416141443,-7.047399323952186
392,-14.58920383253666,-20.279287523971004,-41.40884477948892,17.642273118208003
393,7.036158562369541,-7.747603314118809,-39.78710533220975,11.504003229067203
394,7.5355286223750495,1.8815506678688527,-26.578956299901115,23.621489618166304
395,11.36026787324232,10.878658673194428,-32.976402847893084,22.392006411025186
396,11.800195784640254,-2.5247574881453154,-11.314355182026578,30.44130216747715
397,18.07083076433,-17.884546184701982,3.618369260042227,-38.87282752867898
398,14.138811530075342,-13.28333991386022,24.48086899728992,-6.408732793729435
399,12.120424262080007,18.366627760572705,-17.32774206821075,33.75838399040297
400,10.429164691249792,-19.27314036642969,-6.144575421308513,44.83905411505217
401,-25.89529783363708,14.379807971753134,-34.26985378591125,11.206496886893946
402,20.22903607252444,-8.974566839405185,-32.793569758553055,25.35940448327328
403,-5.767718978062968,-3.0794888296811505,-35.79457240289568,9.89634311535212
404,-1.0968945672018608,-4.458377698972806,13.869031800535478,-6.661565401173608
405,-9.530959269423308,-10.149678482287324,26.48040366186793,-12.899186437337123
406,-13.516780013304343,15.931507129734852,9.7978070971598,-22.170474334639035
407,6.110828157886465,1.293388388338608,8.15900145251019,-9.050597510074466
408,1.558144594828886,3.594751436007691,-2.689347493558816,-9.2131734308473
409,-4.57455064723212,-5.504204049737352,21.75537009214092,-9.912401448906095
410,-19.54270441447516,-3.661011513824224,-31.384504163463948,22.01506876047802
411,10.7104420488004,8.486264931459608,-37.73565502884948,7.669762744795783
412,-8.356072748650806,-16.113266447396185,-1.7757169959274224,27.594473661216053
413,-9.463804213006927,7.386174429958181,10.84644576144458,-16.084019269211243
414,-9.608538274113888,9.998482665823442,10.3715226179113,-2.0798960077576107
415,-27.17769251983463,0.1843681930005241,-29.33212400909817,10.021558500780854
416,-20.60790084391501,-3.823247350277226,-8.772580745536837,27.13056699649453
417,-14.862846247852596,11.861067137376413,-48.50689581216563,11.778317120255394
418,-7.531532414834787,2.208645286837965,-7.820522725905917,-10.372763507523583
419,-0.0375927236090036,-34.63566665271576,-8.651106447923466,43.03423886345974
420,-0.0115284459400459,2.67614304648949,5.318549508982734,-15.820237493726962
421,9.188423537552598,-25.07387330337508,-31.03924008754441,14.168716935764976
422,-10.070256739615353,-5.9582968197100685,10.52160488918821,20.57828828474266
423,-0.3456804925637957,-6.170290590019439,-2.9569288505298954,2.455249178480225
424,-18.913179853484166,-9.99427126052239,-17.94026636259538,41.44716177676128
425,-8.18465816604877,-4.105895131382142,25.135250825596547,-5.285741386371061
426,-1.9843042822247303,-4.690693130835656,22.67803200293447,-16.253711016578542
427,-13.881337201449089,-11.873616415057365,33.04458160081853,-10.382317356543476
428,-17.247524850308352,6.163262977512186,-19.77633211792064,8.714634900622187
429,-10.507812320290222,-7.064414703680263,18.000351727779048,-5.690524431440604
430,17.43072557062375,1.259411035386521,16.78133370507209,-13.789858248362917
431,15.38562585161321,-1.193361293855174,-28.770676564734003,26.03456332456416
432,-9.708122759977549,20.462485628387284,-9.279558632672265,34.804965893735265
433,-9.00781529701806,-10.28771390552569,-16.80636124061124,40.87398161190469
434,-10.696286449824964,-2.295495873860321,-5.726363910811899,28.52485125065552
435,3.1987974117074978,-8.452836575956182,-2.2213768230401887,27.26522638247679
436,2.619649906731341,-2.138180275737823,20.80401957730392,-10.29082724010034
437,2.4348713867201144,-11.65501655000126,9.395496262770685,-29.95681940134976
438,7.117514642340011,8.738215672147415,19.72796980249807,-7.780441257541678
439,15.833180180374784,-7.744319300681474,3.941750915834693,-36.210035552987954
440,3.830433354925412,1.0663445600890251,-21.48689191585718,17.36595279606192
441,-4.338532150466412,-2.236798427741593,-24.71857678606142,12.843920513415473
442,-3.180400443968915,4.313856810431724,17.077976203793355,-3.7049367153209327
443,6.964993160840884,-10.174021354539152,-34.1142458849259,5.638161221314729
444,-6.306504762407639,-5.830172256079417,23.79858743765017,-14.913152328777306
445,9.135183733954843,-8.06669471154248,19.19598383137909,-22.368611947872857
446,-9.23931531436798,-5.182482225630728,-26.759429143698625,8.3836684521499
447,0.0481754298922856,20.990706006515413,-29.95507560209389,13.811595905190629
448,7.82591406498683,-11.96149380196105,-26.80803134023653,27.279891473839765
449,7.320039071324904,6.481848059587162,-11.098712914791932,13.988755753554477
450,-20.174250473258297,2.4946298869668864,-11.457552990086056,38.29292789615476
451,-20.51556575150872,-1.1414982754252396,-14.699655920321266,34.7145860469229
452,-8.893979914238397,7.084681294654942,12.270485149174911,3.496785535485403
453,12.723490983542195,8.718525646327334,-17.76985929058953,21.39524805260479
454,-4.473011386564547,-4.05880345759648,4.665924900951147,28.99377352547676
455,11.405993932892924,-10.797499270194036,7.125609105491524,-31.41158935283316
456,11.162231072523271,-26.93369087766825,-33.945590338646525,7.633535126060298
457,1.1751082064991278,-8.483830635296538,0.0293557686133656,6.3099634453716495
458,-13.264755245371935,-4.810970246553531,18.436330667372903,-24.18766342717727
459,1.2737415100066285,16.747620571222264,-27.79224942487142,17.03695829050792
460,9.18493542388579,14.903582230820929,-23.20278600935802,7.943759405137788
461,6.558703924809747,14.108351671429316,15.959313511978973,-16.67721772664804
462,18.961380901125,-0.1555426083707081,20.87875117643823,-13.11070489364567
463,-22.46322048537792,3.593213705389432,-32.60491580402101,13.602155641354983
464,13.472290330200911,-0.1884327445655423,-16.140350482255393,30.55477068395439
465,-13.685375202695722,14.870489163683578,-9.457985848873106,34.04930712478598
466,10.470555713314887,7.71997074222065,-16.800973757870757,22.81372792342445
467,-13.236946966482236,-2.2068357958257896,1.9829940314302927,22.42623494318888
468,-28.13519993054838,25.451263880840003,-25.503887079857165,23.07951855898988
469,-3.195704174518345,-14.700581367648496,17.25174099577144,-18.89301912393796
470,2.194489586941452,-1.0041595328847022,11.547377327995637,-5.6292490565280335
471,-22.790364394358026,-4.847508704604627,-28.26152072129056,26.18383483994174
472,-0.5017155874347179,10.711188022586688,11.36238300451886,-19.715157976454385
473,-60.45797970228168,13.573487358841373,-38.27971172403493,25.32361970584956
474,-12.13057443394008,-4.549684159246554,22.128945698299965,-15.980340267205454
475,6.944770310908872,-1.3226312382441547,-23.88425042721796,31.70705875870156
476,8.19467639331613,-20.1292074757432,29.170354784791275,-13.308416318123491
477,5.871754222417911,8.516991331584354,-22.45757151486409,11.76822611089966
478,0.1168972146069861,4.220260681128361,8.070450792208756,-22.14520939007236
479,-2.654209684883203,12.578037096253231,-31.80162929481948,3.515843371213052
480,19.48445450873846,8.932899273993852,-12.22996402979146,37.034898165660174
481,10.114943436632911,2.203792417527616,-15.291941628571848,25.920579838944064
482,5.066647626567729,1.3814039992720948,11.543493347518291,-20.48213326803048
483,-1.1884873839185808,-3.605089821546331,10.142953381611054,-5.622296178613432
484,-0.8056368310100943,-5.843745885201377,23.27169015106117,-10.720898981391828
485,8.327612110266768,21.12037735750696,-44.83316853864031,13.200107351009969
486,-19.27577662727517,19.00416243710177,-58.04497490854679,5.708969809409554
487,11.27777924544154,17.96264734843668,-31.860628219193785,24.031653825010206
488,-7.974971884907047,-14.974804004396091,-4.067793512788648,54.56807112841562
489,10.567130239416333,-2.675987561845848,-14.432427731155911,27.28036429839977
490,3.537610165012512,0.5200514413211197,-13.24819120258585,17.654936329434904
491,-8.745154160329587,-4.473212762953642,3.735033428663899,-38.37750898961788
492,-16.227253576380726,13.57154374620226,-13.28762037822133,23.679665255449173
493,-0.291976916002881,-0.0386418527504368,8.010926245085322,-22.42742313772257
494,-1.185684356536286,16.855767887039146,-19.64275404645675,31.23474789206108
495,19.535348014344365,-1.4337659616168978,16.295185943691965,-19.939633274832904
496,-1.052360274267904,1.325961364577747,6.415999300256532,-2.1793122851744724
497,-2.973805574896737,11.276110558805708,23.811924708835047,1.3140289147961313
498,2.950934406400331,0.1981159720803291,-19.94610417747156,11.7856168896853
499,16.218331827980265,24.928804079853293,-30.308235215795804,26.995544821851897
500,-2.5083641874535303,5.398879392100096,-26.9497539473014,12.035565812244345
501,15.910289044861646,14.95314085186354,-25.699367717126613,25.463072084643475
502,-10.260781969721592,-10.81444904801875,-17.806449273186292,31.708273801821388
503,3.598459493638431,-3.610957204907602,-2.162820097413575,5.022426951498416
504,-3.356896955931337,18.004557890645607,14.96347892451326,-12.929785449171275
505,16.186562962707093,-12.20395522748202,22.15977887139401,-17.872113315696897
506,17.703241192334275,-0.651868816252055,-14.16245512255327,34.29073493596632
507,24.32410899182765,-10.446695712444368,-20.862553560085072,31.42890381150292
508,-39.21982788180123,-7.099772114166289,-18.76660544499735,42.78992853360632
509,-0.3175090744104587,21.655805047338152,-33.28391944085046,6.473302998252297
510,-11.547920400685834,-3.691211104001505,16.722024816436814,-17.934964371676745
511,3.3659298109430296,17.538592779142874,-37.74249711043491,6.257879409942733
512,2.1539042304649763,-6.005157233465123,-0.8958221386754879,26.358739614817832
513,-45.41925158927511,8.14732120886947,-65.63573228087702,-0.5132968707250689
514,2.154669679295628,5.255089926955215,-7.058517092509698,-7.024927501063708
515,-5.349045559255579,-20.75026568300056,-29.95744427319344,14.622071464212372
516,3.380112013549713,-4.000160938990224,-17.006566862421494,5.908237130435165
517,-5.432054417399788,-4.708105086301804,15.540508051377548,-22.178961747897297
518,13.495510104268853,-3.1581953889346224,-23.40223013033059,7.317118575430281
519,-9.098409909351355,11.94525054857494,-60.17361164995976,-0.5638737959039122
520,18.14972470545147,-23.791076235393625,-15.374196488014016,36.48709719547675
521,3.8796818706081457,3.477467966673762,12.519067989192957,-3.9999744997869526
522,-13.791511179372216,-11.24015770622537,24.56033719066664,-3.517117305762869
523,-22.305292669906702,20.87762719877197,-18.748236008116795,29.07805484294165
524,-15.623135402183136,-11.375727255402074,20.010864007432744,-19.874154649877656
525,-5.262507576357312,-6.024868334230804,21.48899295452336,-19.299157770355883
526,-5.492197000577039,7.126954514441371,0.3461548337425655,-4.146112528585887
527,-19.815694583479605,8.75470519850676,-14.106286847199184,26.860943748449568
528,4.94509900434176,3.834112805967215,-5.851883731377885,40.90365294232421
529,-10.65017507782775,-7.309338498108901,13.815292096301366,-27.495207618035906
530,2.357777371165752,1.7796915760565903,-5.315173013503509,21.636384517968107
531,-2.36811761744744,12.857922640476032,6.914197019407743,-14.776971103509608
532,0.5555321432365257,5.215242063582859,-37.534736619322025,3.5366065956169503
533,-13.272218899522333,-17.06872359173533,-10.656492684770772,9.662587992316896
534,-6.715237544405209,-13.762765585897853,-9.658562680866543,22.92566470755139
535,4.639833100338224,9.071633337573838,-24.037110940660025,11.479079356942282
536,0.7462687878182521,1.2522511916839711,6.718893381561086,-6.1575200935284204
537,6.716483790974004,-8.966155392409899,15.070956369869624,7.608503597971925
538,11.445573823687448,-7.223593323898112,29.486613493255422,-13.521348852052023
539,6.73204398962448,-4.223513157803614,11.169065607918238,-21.98014300285195
540,-7.404325229733205,22.11286482403672,10.596067109958032,-22.867363552994163
541,-17.673830256354684,-6.421302646423005,-22.78170528051287,5.453019808630848
542,22.064158216971457,10.607124810163988,-29.630823937987657,21.00737664880812
543,-5.4353274563331775,-6.812148479967732,3.7903696039590975,-6.687916618696072
544,-16.04635837244294,4.4831202787657,-24.20681986764445,17.36728406294445
545,2.0356540321151053,17.04613622109143,-20.473894441142907,25.879643116976894
546,10.810510070707018,2.231094854043784,15.752033800791928,-12.01794575360442
547,0.5929625989125635,10.59176281763851,14.637367162123976,-21.152020418575383
548,21.142133837230148,-10.417142182996551,23.63220101813311,-9.533201552087476
549,12.41482499356972,-4.152446279222405,-10.726813561161386,17.59070224535149
550,-5.795747169542764,-9.498165861569554,-8.885228204377931,11.862115945333644
551,1.4976003266582048,-9.45892924917024,11.749156415998208,-28.139799970033035
552,2.0434509264548364,9.31941285518404,-8.988629706975008,18.77701786663196
553,10.305769822345052,-10.652629228164146,16.553318230843082,-7.202192404854607
554,-17.451020364333537,-4.827482237620836,-14.22591509280479,37.45818991380771
555,4.98113080511942,-26.67107755851933,-22.738244269847,31.445675138098142
556,-2.026038244150938,-2.629083868866499,-2.019836429882272,-5.407926811045449
557,16.539133673465223,11.237491971360985,-11.410379811517332,30.284872012668536
558,0.9207863536923316,-2.973096201913051,-6.089028366270609,9.818106197468198
559,1.5400383598916356,-8.078614133991694,-30.28284103924913,18.660658185744644
560,2.2018273721427093,2.685194918985069,10.030961951365477,-5.4790853432643285
561,3.205869749142828,-1.6568406066553716,-11.82759235988948,19.359929454692555
562,24.71792134752537,11.768424222320949,-30.10179242756296,21.4702656299338
563,8.718807387867093,21.148291738050624,-46.00108075852666,6.138917736225757
564,-7.715263913027217,16.27222489835821,8.446042734146099,-13.882183764076483
565,-14.73656354284048,-1.997640037499657,-17.53509311429011,33.87361756377844
566,-32.80236861603348,-7.551844997414986,-30.316099135124297,28.64368659143029
567,0.4930845724770445,12.33814068715748,9.461261463403204,-9.569330888511686
568,9.91706194851452,-0.7850483994434232,29.94904665034469,-7.787990732241585
569,2.5531717140849683,-10.60407866003232,-1.3079768766516922,20.447994189911515
570,3.28913293970662,3.599636172839429,10.270056181358012,-5.502647010749463
571,-20.853133594006707,-9.626952993270582,18.407291267113504,-21.92483314513519
572,12.649427364117576,3.830071161352234,14.53766927632178,-7.362500414004298
573,-12.215054729365342,-12.461994615028756,16.865420874378035,-16.338234358259925
574,6.116233961819931,-10.5062394852395,21.057222983284152,-9.00630419376523
575,-20.514779058302217,-4.885974167537894,-60.8668905800972,0.0197446319617857
576,-9.824950730208808,11.25863143290644,8.869825383428422,-5.409313313755675
577,-6.3316390040696335,11.495348824843486,5.061236997162832,-29.610080099482857
578,-0.9484860394704546,-7.012161555161732,-4.191690467901931,27.962315265542205
579,-13.550896974124337,-6.07994678333358,24.19888234621215,-17.773225199336743
580,-11.447555130523911,-2.8223913178073503,18.918070614375523,-1.0124345952582092
581,13.057649657010602,-2.089021706594891,21.62497613316204,-13.0014186751483
582,-6.718007461035116,-11.433111923328076,-8.04555253036152,50.02042659021672
583,11.888273747790707,7.456634053382558,17.198909635306887,-9.45471827335921
584,12.42481511886823,0.0197527679323315,26.419500715129992,-11.897350339873926
585,-5.839111013350919,13.238787930167597,7.806639994669721,-1.2356288250887606
586,-13.43091790788771,30.72750122200004,-5.005562435920594,38.78523726958691
587,2.15683733373689,-5.301657276988732,-3.817994372953909,10.063198659319212
588,-2.570740616206632,-5.349823414855451,13.71635590553016,-18.203660405298177
589,-0.0068390928876439,0.6353970345494504,-3.631472567626688,-2.137525627042654
590,17.863546850964227,0.2253776410074671,-15.030963221206838,38.74048920812096
591,1.3150013985786748,2.752755230717303,0.2536777978548064,5.517260103448085
592,-2.594427786331738,8.627153615986831,10.454885043529794,-9.113770548242403
593,-21.143399842974794,-3.165987877294012,-23.10198520536293,25.91139082391298
594,-5.957425291158788,7.930477351540172,-16.353537798198484,16.969200227570983
595,-3.873073154236224,9.922603019422375,16.73192538099452,-12.629750137323375
596,12.073157959490256,-29.695987450198885,-34.1235758403747,24.64708668271369
597,16.13570632404724,-6.482607269586374,-8.880466562461757,40.64227070938494
598,-8.177551324531672,5.326848746582829,-3.353483098421669,20.84512544581425
599,-17.771805408518432,13.864834025810508,10.689018475387195,-23.64876473724616
600,8.218649009323167,-5.114460123947799,12.218983571990687,-18.2318014984603
601,2.593145482838069,4.219814451175801,-25.217191298459035,27.778072010612146
602,13.19110003469657,23.07074635750267,-14.864157685785944,31.18643204286129
603,-6.430820411144647,9.048292599002863,0.0342506815841829,22.310336113462032
604,4.425537486110645,8.480953214971377,6.623772133206671,-8.08823840214349
605,0.9575599720876816,16.95544042066699,18.95255125963028,-17.14967827303334
606,3.5337262975413486,0.3652348948395066,0.9772097836569524,-10.478069261213127
607,-16.833934443151165,-4.493060368936954,35.99234762991551,-6.412174136675933
608,-44.4934060154832,17.19770876386796,-43.74085727128334,18.58855588078349
609,-7.867116402696158,-4.083622745275542,-3.178578096872592,-13.735518895832746
610,14.575035025606088,0.0399045698692958,-19.0907378317684,9.027274574196072
611,-5.092519843236043,-10.315622709786831,13.12107756068017,-10.18759156159874
612,-11.138447675527814,7.522152666069293,5.588145958677648,2.8211597798841708
613,-6.950188728506108,19.89652134393739,14.010100442712533,-20.449242409546724
614,-27.3527391076948,11.726560206718451,-39.65427927059064,5.511680868928942
615,-0.4995810386670132,0.1087229521428786,19.40771026370605,-22.1224098495018
616,2.774687959757628,12.223775334724817,14.428096325952016,-5.050632259875648
617,-6.908934649191441,6.916107232301138,-5.9653895396307375,-8.833961188064897
618,4.705745049762759,1.2772041127653826,-1.441110656078226,-8.132595103230358
619,-0.7280157254347159,-6.846285441477806,-2.612618398128407,9.290839660721186
620,13.446689014169964,-3.9938849714596967,23.08105447621293,-17.067848616747938
621,-2.306470141216013,6.12662888440188,-7.664981980351438,-4.309424097393826
622,3.392452680230703,10.119319374111551,0.3419779724764971,-16.97558255609534
623,-6.436114860440482,4.166104468507997,12.82782392333879,-19.904454138531097
624,11.8821247294361,-6.9384055553048345,9.354690328046171,-20.757613422058487
625,-13.30567805216164,3.859356730449373,17.916736573490812,-9.162744054788982
626,-8.73370122691717,-15.132021656945192,-6.897824408752766,53.51202222803613
627,18.21508803963533,-19.6889850349278,19.45852031320413,-24.039701255655007
628,-4.041536267487391,20.340154758091,15.574480621919982,-16.396490850945614
629,8.217866399587347,-1.4358424010575843,16.772356485368313,-23.409641864032075
630,-13.1004962095202,17.998077445968168,13.28630137883104,-17.562986491283805
631,12.659979675386737,-0.6319182236077568,22.73230453028517,-18.48249613822181
632,-3.223082062606303,-10.60569598422192,10.366109787303872,-11.708156224401389
633,-3.2371982212342507,5.656777477981064,0.5057272120010023,2.8416550298955228
634,19.600032609592,-12.223374642220746,18.08768440901512,-24.951871853529987
635,-2.06655345646833,9.01712615379439,-14.18316774139744,40.003268277423054
636,4.561683355830582,-16.698578552629026,4.013764831979007,-35.21300676965519
637,3.819462534267495,-15.611190188716122,29.396413168454163,-12.31475507361032
638,3.2297669014435018,-7.585660372724876,-16.198045190211932,14.692491468276252
639,6.906973147658417,1.7658355080514816,6.085861709452386,-11.85137533624585
640,-6.773389869575061,-15.203856300557566,-10.863229694338353,27.17000206346541
641,9.611797479137058,-2.4860425144291702,24.678386500359643,-2.791119680687862
642,14.96427600481246,20.86105175509181,-19.03402179335694,36.74191491080927
643,8.178424530043678,-3.171607308670263,-18.64255823679209,33.50810222834972
644,-18.90018730790492,-6.039389135267273,-29.34398590163316,2.4879899207408083
645,-5.945146106999435,12.455848717488887,21.73961511832104,-7.931616900355701
646,6.606227422274034,7.034726812778168,11.814345020263232,-7.246379362242228
647,2.9955454173201823,-17.414266413016392,12.624883358699677,-12.514885801286502
648,-8.835009662712917,-4.8102922213450565,24.97047782067733,-10.435553865487138
649,7.483424371776355,1.3455172934199575,15.204817768191027,-5.102996479690546
650,0.9426936190801876,7.853267839017259,14.512762628147932,5.095682868366031
651,1.889448885801713,18.60642351576572,5.447618216754309,-20.954601709909923
652,8.403907188272354,18.98631886117564,-25.458597447596464,7.192480480833709
653,-16.00051656263939,0.3380973083000444,11.525798059633413,-31.265466316853782
654,-8.665302032351827,-15.205779698600375,18.08843353086789,-8.084993228908447
655,-12.940505289530934,-10.15462237593269,-20.25730093639627,17.33598286195692
656,-8.190876389648581,-2.2351587885204083,20.222411882743646,-6.0792878291254056
657,-21.41029898196846,6.7118282836899175,-37.4805089465789,7.784231468270621
658,-17.52705423753227,8.274541488452194,18.58056968481149,-18.857016015945472
659,-38.84158521153406,-10.426065198507734,-26.334978110427915,36.11606265773237
660,-3.2221654042534538,-27.25705964875053,-6.397492523848323,24.31611091564121
661,2.347864362977398,-2.3743909189480803,15.50621437691528,-4.515972431321181
662,-1.502626543454851,-12.49528855448605,5.474718391293894,16.022811478401536
663,26.233120379985323,-2.724909142013374,-13.20815925040897,34.36843756166721
664,3.3497903328778387,14.479513545323115,-15.450174785478907,24.37321406816688
665,-26.90794399120753,4.406169853183815,-33.984623700236995,22.22716169385879
666,4.586633119096467,5.238207164082053,-3.946693657396402,-12.74535307916665
667,18.85334367496057,-10.568532876349186,6.520638903046901,-38.76511795384618
668,-1.6315196998019157,-19.810579254436547,-14.90330224644934,44.30990415636299
669,11.937974672927348,-9.186847955439568,13.638887113805726,-15.24395462008969
670,14.931044041436158,-10.145660871518476,23.09461816795444,-16.633420457759442
671,-5.028275318795287,0.6840250006484214,-10.58552634475292,27.461390989665
672,-8.971099209784661,-6.352948412885389,20.14104307560265,-2.219894124985976
673,0.7266579764173229,2.1062436467391734,14.94706583453582,-23.989416043709365
674,-2.5178213357399173,-12.957393624547958,13.149664227609929,-31.24555438956253
675,-21.20859257311857,-13.49250523113219,16.876633520139105,-21.911018780024914
676,-14.040255950987415,-5.221615507220562,15.65921065579462,-8.162943565929616
677,-9.628699807928388,1.738822491683394,9.200002755633273,-31.24350841863975
678,-6.606564761223544,19.447785816536857,18.428101818205867,-6.406560051778255
679,-8.602255179841253,-5.801313309850571,11.9539877140514,-8.230821970392808
680,7.005053762593978,-16.53518292428519,8.341882885326529,-30.9823116977856
681,-17.9436079774134,-2.923178005008704,-18.02078759727159,39.69410961326438
682,-18.70976847421517,-6.115049881087421,13.57268045427742,-6.778644245600473
683,3.615929071412829,-7.296717424600194,33.2072974799921,-11.023812739026884
684,8.153663510875836,-21.11823341048576,1.2036506193925125,52.46916429555185
685,-1.415827789253732,-4.959312968730908,7.26000429997859,6.166294483171667
686,1.333533771075273,-27.01265805900556,-27.32145315185653,25.43858885342675
687,10.85235545785572,-20.455706435262574,-2.9799254327643485,48.89816883428872
688,5.594331606998793,0.7415710897347791,10.089217782234632,-12.378859278173742
689,-10.679538122964738,-13.837387773622678,21.02560010273977,-16.899918224506518
690,21.688597143624868,5.108412646331175,-12.469831282690915,28.9402365498395
691,-2.6378813343964933,-10.036224914288184,12.36482164028909,-1.8523326551714423
692,3.4053268581910494,-13.705142250352548,9.789747384126414,-26.01037869447256
693,-18.1000785151641,-4.582378993703741,15.28905232226128,-16.42419817277812
694,-0.5848759090123449,3.127558914135117,-2.131196820910585,-11.698206602984872
695,11.829220376236524,1.4767957725800274,-23.61191890146592,23.4972509588648
696,-7.959001505089507,-8.90527745768024,14.907744051280485,2.3512550524017044
697,-29.453701040464075,0.921823338324071,-54.02795785410611,8.408513796636717
698,-17.096656006965794,-0.1097624946626939,-26.300438193412308,15.65946151525811
699,4.592122610246476,-14.346448453335633,-8.020559140017367,19.036332423596576
700,-16.216727089165616,-2.330129640934405,14.051433175542762,-17.54992544027296
701,1.4772278893755515,6.264600412452039,-20.81676953554343,16.474325394079422
702,-0.724244486917363,-7.935049473141401,-8.297432819774453,-0.5225920422254267
703,-11.744554043002584,-3.45577403985455,-13.406314329747614,22.29842977752732
704,16.3146262901317,-13.963085045457538,-33.778371519103075,16.739778294234444
705,-8.539212274502313,-14.546612763934023,-12.625356488162948,45.31695846025963
706,2.9759552911746017,0.8311153554482318,8.821632991979785,0.1028174426678734
707,-11.019929689053631,-0.1716241173306345,-9.768453033753133,26.174194390155943
708,-7.713916595254082,23.131459410591027,-37.57660122843531,18.25740525696454
709,-19.882267476043964,14.088430899810024,10.427020339786225,-21.32459939254361
710,1.643635618615471,-0.6899868663446114,19.324429084065,-19.90959809370783
711,27.07164286811632,-13.708510384872543,17.41155246842256,-21.17123459888329
712,-15.704846349829806,15.210489525224997,14.243391128023385,-11.1305400023658
713,5.024698378509024,-27.48100204793453,-10.898882870549206,47.2266057178493
714,-5.594493605303438,-3.7985324370768834,1.2950890228932097,-7.233768892637741
715,-6.494708220710014,-13.549562072022564,27.60793198593634,-9.941359877567006
716,-29.06209213528836,-8.500518081997097,-37.720146108348494,13.646080521605628
717,11.241116098194492,7.255679950732416,9.56001478941216,-25.89011795378011
718,-3.650838569055052,-3.4389017085524065,15.38744252715176,-19.61494094429752
719,-3.920722245290156,-25.884292936278456,-31.83742171573276,26.59661827007864
720,-10.776664376379363,-12.760607978208066,24.819690526708847,-15.0410866019206
721,8.156621412852157,-0.9183411846063516,10.270955436721405,-29.42159422067482
722,-2.7618730674441685,-2.587526252884411,3.5254787320752485,5.3321780952007085
723,-10.723047018061752,26.017722033163825,-31.486122933402665,5.597754855627194
724,-1.0441772161438732,-6.933234902768135,-1.928849506099838,-0.6421929669296405
725,0.1300558970329908,-10.11063102062799,-0.3439823550508536,-41.56631154026741
726,5.028680726308507,-6.33009815488139,-14.732146585084015,9.01198966666236
727,14.301569763922828,7.587541801415766,-8.965442383467787,36.08587851278678
728,21.65911765814343,-0.2690238409740011,20.45075432576154,-13.585916399761656
729,17.248763581420107,-8.456329688677476,-8.665784730103587,28.42273028608968
730,1.966951089391836,-11.04028159729129,-9.547688654154111,10.155313934748005
731,-6.725015853949705,6.507212623742495,18.416570734394607,-5.040442175923388
732,-3.014065096899268,-16.68959716797357,-4.751987185814228,53.15649593520717
733,-28.384646897726725,16.17356163275616,-19.015994301898427,38.97071228312057
734,22.25575851343246,-3.935556074114216,-29.162563048065483,28.50226981814141
735,12.315522838410391,14.637980913673754,-26.49634652606857,27.46978279463617
736,-13.197132873877582,-1.7696853574919815,-17.67926423478411,40.23642540168392
737,-1.717191249503092,13.867472523253644,13.10383303704548,-14.451083018937403
738,9.818197688797303,2.040296613949817,-33.7572966413872,22.20404839620248
739,10.841456677649926,4.8537516833275225,-4.011976482779021,16.96995261615863
740,-8.055721152213836,-15.320185911324243,22.24163929178324,-17.47144697177784
741,-1.9076713611164529,-20.37855087450497,-17.525172988691864,41.24956105593457
742,21.464583721445244,-15.884283693967458,-8.516218236668932,42.03641885752751
743,19.06581241470596,-16.30607648015594,-17.212233831147753,25.971390555911498
744,2.569417804338064,6.250288868550221,-36.28474563087884,10.015094480710276
745,-1.2423766021519915,-8.786227745266663,10.568299150826384,-9.347204630196506
746,14.810479760123188,8.056807115490113,-20.052517710239865,29.447055793042395
747,-21.77109214797793,8.646436557873455,10.946294233901703,-19.46807336347025
748,2.850888080745563,-14.745708669746106,-32.26057231949887,25.17994984403278
749,-5.544738352503288,0.4233951591457683,6.339460317917855,4.617627967353839
750,11.897966219273837,1.2929519785492654,22.39259041249657,-9.729835254029716
751,-14.543977694345177,3.074139376868162,-46.37120175694633,5.181414979295239
752,-1.6250300254154846,15.278230820726106,8.446927845310977,-15.709197089973026
753,-18.25198665740641,0.8943480889510953,-17.391781451574122,31.25652435562986
754,-11.099313580241544,-19.31176912978837,-25.72338511908387,33.29764951372116
755,-20.530956097906603,6.054461728407003,-6.794047696033486,54.53027939818827
756,0.1728152141243013,-2.2436376042287702,-10.95931296007831,0.6449127495902749
757,-6.220954055303879,-4.95818909792341,26.52707827364195,-8.60142943311929
758,-20.65437114540623,0.2365640280657421,-31.48868446659668,15.441105547266204
759,-17.087697435577624,16.82985674373844,-25.167575919911148,13.079283474519595
760,-11.051953136257564,-4.569584726770096,5.119658525610497,0.0946465685920592
761,6.707395611540568,5.113323142249381,23.226835740823013,0.9877024906345432
762,-17.003862055232233,-9.820369361441893,25.59005830951316,-14.577652488333202
763,-3.8285461305486,-4.911305719002484,11.1633830372309,-9.852068946274866
764,-11.443533262020551,-4.066273307246783,-18.239250025991616,20.255717576230754
765,7.095600227649169,-10.576309475630367,-27.196492910920675,20.855516838076635
766,-4.566119887285352,-4.800138528618828,16.479854198397835,-10.000006412715924
767,-6.461847417362336,-0.3698384689124094,11.973110364438003,-4.280146123656737
768,-8.898912454083987,-1.1947262421343066,10.082954444724564,30.62409579397133
769,12.753232084921311,7.589494178564093,-35.73319355568092,15.302422188046163
770,19.778151428561785,-4.371267046801351,20.91774868116397,-19.718979048029333
771,7.486619880738762,3.471172639385209,-0.8598400595361095,16.642239876588626
772,1.190029577141103,-11.777943926254398,30.15303150610551,-13.925019932485304
773,-3.039007084273872,14.454816113963815,-16.011922113727614,23.904624611144136
774,8.59436076185451,-1.2721538305980546,-18.369359338495872,1.208184306151003
775,-1.5311414658397755,-5.652618093652142,4.664034092170972,-35.73001164163883
776,9.79247483443262,-23.06820114578301,-5.719472356746969,45.23685063924193
777,-8.40252882437703,7.955260358124373,8.86256118220136,-3.45964322250484
778,-42.237821202325335,10.03168253565648,-55.19058933491263,1.3903060957635187
779,-6.848348723010933,-8.460318424064152,-0.5846507219140165,19.738203667887245
780,13.32098824793885,7.960929240144527,-42.73251936752482,8.55060900526659
781,5.290960278820329,1.2682013394909486,18.039891013241363,-4.33747975705484
782,4.6782294910516535,-29.353914287201,-28.832997569591512,14.463582202105618
783,3.4957981347086284,9.315921336473991,-22.632159906215207,28.25699240672079
784,3.971218732951978,-0.3963068721270357,12.806919782066624,5.899349447972607
785,2.7745537593403107,-21.44661024497439,30.195486066238235,-11.439913840532489
786,4.54251291682131,-11.489176311605863,27.490774812097538,-6.373596015085107
787,7.857688538223844,-12.770555280230054,11.157296160141833,-25.342563895201145
788,27.77019626357752,-23.708087599853133,-21.42367393821874,19.1608118499032
789,-4.940991216187285,-3.7622966782888105,8.278788085757776,-5.080508348031302
790,-4.848587110583965,19.31018032013328,8.28897201247599,-10.38447817324838
791,9.916925627296829,-3.991911309760173,13.036695349955938,-8.215987860377991
792,-27.207998717322496,8.674750617791576,-14.043115492247724,16.68833519042861
793,-24.73170855881937,-11.532841122806865,-20.5194832563881,39.79819350645934
794,-13.396124228660574,9.205163149645289,20.98021857968963,-19.41741379484514
795,-7.730236771651663,21.37706255584025,-11.14657431372566,46.01560211783429
796,-9.619890660034123,-6.693488487771891,-27.713857671931056,21.12457140308308
797,0.2217516596751372,2.626624915352491,-40.16996039076886,1.0759132282770296
798,-7.23779914993024,-12.803239150053372,-12.123060659742835,47.7681763308977
799,15.433772817829253,0.2118421093715771,25.86445992254025,-12.02802900070737
800,14.749146052830866,6.303240334874947,21.94904675044832,-6.492479263130761
801,-2.3364785264278773,4.292012733769482,10.5402983645317,-10.341008648696093
802,-20.67532017845633,-23.00056302839585,-17.147850544411785,43.36866818960625
803,3.1212596070376457,4.875472812663582,5.634954086177318,-7.391554263542
804,-8.762545092940146,-6.20929295933566,2.112277872306949,19.323345085751388
805,-12.389943808439147,-26.56226948130047,31.514987105284728,-8.064638209598288
806,-7.174420604302797,-10.177569786333136,9.58190283662665,-4.722813549094116
807,-2.041808201162139,-3.9197904329857054,5.107136735838456,20.74233563728223
808,-3.856539837352448,-9.097339076077514,-9.092887521864496,40.47216805681212
809,11.321884082196467,-17.669647501546603,-12.299932539166186,40.873658962224425
810,-16.60598772144005,11.609506368424404,-10.041582656810991,46.05461027381229
811,22.548904546889624,-8.578122442374994,10.570101357187829,-30.31408070708048
812,2.7357317053185004,5.90299452631503,25.54002424217582,-13.224473266058585
813,3.693481935571756,-12.805987827581522,12.73730779492722,-25.10560455295789
814,-12.011535703598362,2.7111899223876144,-18.376042988779123,26.47978722050744
815,13.181703425982487,-6.231066510970953,18.751236838720526,-7.853275016424089
816,11.646479264047452,-7.406300885043469,-2.676258938517276,47.99980939592172
817,-9.7383130502766,-7.457524190032497,18.635849589632464,-1.546096420093812
818,7.548364702739057,7.540360889683641,9.323074509454354,-10.263886366712256
819,4.7974864196935485,-12.98143155950182,-8.275699929406466,9.201153345149857
820,-6.600592595890351,-18.012079604772378,18.35303730398637,-20.70869390710135
821,7.7050385340364285,-6.186265048509888,9.828192955596483,-12.41787855903256
822,8.184970522876611,0.7444969278839626,4.914673609934306,-8.273953015004038
823,-6.617472034023981,-16.406371139220788,24.364254870246977,-16.30478884349205
824,11.004258066902333,-1.558976012623872,24.61124437585624,-16.733796508951983
825,4.310763669969084,-4.597797816882103,-13.546037514767018,12.709720464453737
826,16.88042308580542,-23.516054237390613,-10.262244802524773,38.27039760974567
827,-8.96202432666465,18.719319499681347,-38.57412788005463,-0.2010379489007419
828,-10.778117284563582,5.572557375626512,-37.63466069670792,6.532712541131716
829,9.875302108761476,4.7048410297211785,-9.528433976991105,37.06226376237912
830,0.2244198420156493,-13.08372230579263,18.296978587474985,-8.241866524681479
831,17.033942965023655,1.4390083500498938,28.25912611494962,-9.539080574751276
832,25.659495508856185,-3.772392247609908,13.207207963504905,-19.79256517171024
833,-2.7878417006667227,15.91438549384026,20.30720389596676,-4.823178990438313
834,-4.24961920236601,-1.5232505416034934,20.18032570524385,-10.15218666336019
835,-25.734274575820173,5.776820954502204,-28.563534607900312,25.906634903259057
836,-20.90908590131918,1.493864778793772,-18.36034963681349,20.126276818464632
837,11.921658844418022,-3.67609686027554,-17.422053676327188,4.613188019717283
838,-9.54824239220916,-9.721465479908003,19.765701865997777,-4.281604596962126
839,-7.576185907223309,-4.96189051289653,-13.144715535767505,37.09889136827098
840,-6.991210673904738,9.39626701983065,9.553444811242349,5.461155839569141
841,-5.329729483701756,10.571826420555327,20.820254672085987,-10.847828596309638
842,-13.038475077619552,-3.617010868363709,-24.09542564307796,12.072401492791114
843,-4.186022485188255,-3.9185003791520505,11.5013990709722,-10.729949916765555
844,1.141033621431344,-13.514234814353138,16.700773741343866,-17.598584359292776
845,7.197465358588999,0.6441775510791499,2.1677575764035386,-6.879217108966245
846,-1.6069012314928433,0.6546798509099436,5.1372429283205605,3.139205101646798
847,5.909321929073736,6.762714907442823,14.945175909198838,-11.720746174438244
848,9.804247839373405,7.749089683805086,22.513210804030205,-4.873361512579496
849,5.987966493896727,-0.8788089358751079,25.63388975442304,-5.685288070553938
850,7.398552750591198,2.958953490656649,11.856864072747534,-4.611608654004639
851,4.499128276452567,-27.752077080439967,-9.848590889664855,43.43310589711362
852,22.71461657748462,5.906663622363135,-22.68018184907727,25.645470704262625
853,0.3272140499223328,-2.452224786924588,-4.8553279286554165,-12.609660571155372
854,-21.17839373274945,-5.290872331018869,-31.19653272543273,22.856629538018154
855,14.415987617341962,-4.5142728125291365,23.64273739820956,-6.25204649561789
856,12.352127153310366,4.03082309609284,20.8398355411403,-13.95488928595836
857,-19.57348316547277,4.845926201084205,-32.52927954440062,11.422874671615796
858,-19.47193381927868,-13.08098743121898,-32.190873368938384,5.019005614954355
859,14.616584069545858,-16.262360790005218,-29.530215070543537,10.35766446569924
860,-4.223286282519876,7.515423610934522,10.382535417489873,-32.61257795113696
861,16.166687117583308,13.530104124214594,11.596765693302828,-24.65439255698417
862,-8.091306030658288,-3.4836374166525066,-38.98292630985877,15.35917386303353
863,-6.582534437978231,-27.232782136296503,-15.845457330099872,18.28511043738481
864,-11.397410834373568,12.952618201134303,-7.713337381149475,41.99174401738637
865,21.798751071844,16.65846733064914,-38.271203949474994,17.624747910269747
866,-1.856990280448349,1.6803346659283596,2.0080550361650054,-8.749414667390257
867,-14.862272968794034,19.45404061705357,-43.24733718309927,11.016008507356972
868,19.87659378301084,-13.211736973853847,-5.859274406750932,45.00538221283893
869,2.284716149235015,7.399401210216592,6.283182893375487,-12.03379674297605
870,18.494566059905942,-10.524115879104048,5.388119493449821,-39.7613111289628
871,-10.069809997800322,0.2893844776732632,-20.7699929873458,18.27022894061502
872,-19.74557467517984,2.76559458270674,-24.55265983552053,22.78745962479768
873,-15.966525511527562,-8.561140589014782,19.50690497837744,-15.05900911205437
874,-4.468988738518202,-11.020742825574482,26.97995606411408,-9.348712650023764
875,-31.212889134635965,-13.783591168225348,-10.550312019721552,52.347898731069456
876,-2.150891729408725,-2.25656436424776,18.514313024197204,-3.3309285733899228
877,-10.058542653803563,-2.610650894333326,18.208413203014203,-11.391464976175843
878,11.280591812614782,-5.437308653427041,27.083130838075032,-1.1620076001062674
879,5.3164442707275725,9.63584004879085,7.766931106609288,-14.291900135489948
880,-8.037384538737017,-17.085014443842685,26.274218786681008,-4.78912319797654
881,11.80427170200232,-11.585668022990353,3.4066409773293302,-37.54659357443425
882,8.936819976358429,-9.347445274429012,10.17118885794916,-17.490010523656963
883,19.13677112431636,-2.3534469714071897,-16.72363514207671,27.659333339779955
884,-18.28618615382286,-2.592861794676342,-30.60878512664732,21.193202902339102
885,0.5857771738501492,-1.6768204076294957,-2.0112850323988365,-1.6625770945312524
886,-11.297224483616272,0.1871877778836745,16.765716914327044,-9.02730966533995
887,-10.61727382317177,21.52086934172588,15.43022247755357,-16.19077104533436
888,8.257499208300613,-1.9490099946981967,-0.8807238193979781,-10.419417227194325
889,-2.194114038390021,0.6992078118834091,7.193380354394703,2.434832810327318
890,1.9303279336333348,-3.334936723951265,5.096206491352289,-1.8890772542260763
891,-3.601291671082945,-10.783566076946668,-4.5755260788801,9.521622620209438
892,1.9266930458743723,6.498489131976506,3.209687829143153,-16.94449379222146
893,10.144943700879608,4.342071470990404,12.435919330912167,-20.750343706342168
894,-2.1436668878477527,-2.04170872578352,13.57166760036984,-16.664661472232837
895,-6.496772792714009,-1.990962515166084,-14.227268424317158,10.814279419760034
896,-7.044975072896817,-7.267926159972136,17.035481376126345,-5.618151456924171
897,-6.398500394598159,-7.912486208199516,25.25784071596073,-12.634365142253795
898,-17.63890076786617,-19.143260371750905,-16.894782890435437,14.624266539339002
899,3.646058178454066,4.138767048938223,7.178948097453491,-2.8220324282246163
900,5.087055652506992,-13.81087578054334,14.0896682558175,-6.491626920785151
901,3.5676305033331714,-7.499411986295671,3.733363751434854,-15.889381234361272
902,-8.610519053703605,-35.42712433833325,-13.990356537769909,40.46169489328235
903,1.2838068689562196,4.676904811266332,6.818348883505863,-12.1310558599053
904,2.292613726391558,-9.61985501321007,17.783556450422218,-22.15583502365536
905,4.857786927588221,-5.991008736216765,-26.30857505432025,21.883051261693943
906,-7.40301263465039,-3.491313646763418,14.136064513452034,-1.920465544038517
907,-11.466780165591752,0.0427669149612172,16.729218331121757,-20.957165171007578
908,21.71301410252341,17.068368325500916,-14.732865486886004,25.588777626110325
909,-28.115905629303896,-10.18484790420837,-19.528312605659664,40.62837265882634
910,-7.755238602627104,18.5720797047382,15.873919861234164,-6.5491005732959096
911,0.721446621602862,8.398456665027808,10.427975470921664,-3.8364976451998296
912,-0.8056798766760813,-4.647323014803658,2.14224593665581,-4.41322632520413
913,-0.5514466560928863,-11.907098084396196,-11.904510268020728,19.20092940268627
914,-16.22260052751738,19.699498878447454,12.800812397047451,-17.1509665290461
915,-23.95701396559573,6.994014721122469,-34.20405440310986,3.162791902522068
916,-17.170136906221614,-4.180628514820689,-28.81775391827188,-0.1436348190179508
917,4.166534565750423,11.340306903385985,6.115587878743474,-19.494479669117275
918,-16.90819687371748,8.357795003615689,-18.38756948308501,15.633461271851624
919,17.959976111725467,-17.051671189311524,23.737466246565607,-19.2349027653612
920,2.820134471927104,11.783400780256196,-25.666345997808342,24.00818023347254
921,0.6827796681976599,6.382370376960052,13.330084725666808,-0.0479208397256272
922,8.68471451976998,-24.348761070603192,-1.8423042815529824,35.42495162764774
923,5.749847521130335,19.39046654836621,-36.93582746188861,2.885428366223239
924,-3.8304194211159137,12.71121415237303,2.848441679583833,-9.836901571093003
925,-5.2007119734586125,11.648367275121192,10.962207984737487,-23.63580838498739
926,0.5250312190587505,-2.307357805157088,-4.506457128387562,-8.876555382655898
927,-11.485215558974504,-6.171709665924685,-3.6823022975739614,54.284855216442885
928,-36.49109191065551,26.13254082428609,-43.78197555840335,18.652505409359986
929,9.48120085371534,19.02037358791236,-40.81156162968742,11.01651838635154
930,13.65664998573296,16.291774812844842,-51.34719269144728,2.558906338214013
931,-15.642724538837683,7.466208224101038,12.711368785432748,-27.671045041679086
932,15.463947662189767,6.780931389404964,-36.25222537285136,15.245449383266184
933,-4.385667331606866,-5.269840344656678,2.990034447234428,6.10682849377525
934,7.846693928902705,7.979384194979752,-16.611929131421515,23.21045177661564
935,9.34771065697282,-10.774961978162713,9.618291979514696,-21.509799219426966
936,3.809242468953095,-6.717033289781947,4.640874726078167,-5.551819884814135
937,-20.754884647510032,3.619547850108644,-17.788445482019828,32.43595530166642
938,0.1358528180146674,-0.6508634375573008,6.357042685455195,-0.3844276317078052
939,8.959919387709132,-5.018270210851931,14.631319091364102,-22.253013140718124
940,15.392875546181765,1.6716978699429288,-10.36296354076408,18.03267642427269
941,0.9012198051720502,10.161175400254615,11.095353912110596,-21.300912966090248
942,5.913905369723849,-6.573672015402487,0.8190429743743075,-15.940453301581192
943,17.70458914142069,-11.553946662194504,22.73505758198836,-14.8852140227495
944,4.075451113958859,7.284043048170096,-53.1539860509769,7.185334597180479
945,17.652798621610962,-0.328603298359358,28.558160752913903,-7.70615328633302
946,-1.0224396681249,-12.901375787538774,17.244481994396857,-24.61567942834076
947,9.696608423170536,15.665026724123932,-18.72503298101999,30.24891894476569
948,8.647054988791329,0.09064487940681,-44.20136268660222,1.992961364559938
949,10.718076716436672,5.718138072198108,16.602745117246727,-5.24407800663443
950,-13.55765125224301,12.997474738550274,-20.02590338843418,9.738122776691563
951,4.3998857281552,0.3285089926714788,-4.568331300035511,16.439185318682636
952,-5.062266977399264,-2.75473968659295,21.3450819454476,-9.050770185707632
953,7.728494094870665,0.8352724179561308,-1.1888295155575492,21.068117475949496
954,-6.094639551519784,2.8239323602182105,-24.26637321909696,13.809195469490405
955,-0.420870039952164,12.194952149079471,-1.476587182892236,3.350249248077046
956,11.242261702907728,-0.1936135925866866,-31.82011720273165,14.703943815441688
957,-2.731602412931415,17.141754051600717,13.043442490911126,-6.353265604826168
958,22.761846016889365,14.020875263223816,-15.91114990031093,40.20884839642203
959,2.7784081262530966,11.157553883558595,8.270651690875104,-9.65182930379452
960,16.338207579545298,-24.559739954328894,-8.015103335177617,46.97838121027997
961,0.9423219197308208,10.578851471222231,-16.414631690208505,11.211089624542456
962,13.038557600499804,-10.576797444963834,-25.460680125096427,20.29494685712737
963,-13.291751369162322,-25.35776041653612,-11.847364638787996,47.68761818510767
964,9.930585489062093,0.9080250206492408,11.391469160117948,-15.465382231545542
965,-2.511335016520273,13.40391503731589,7.887341949349871,-8.055261494498122
966,4.180888229929101,-9.300871988518146,-20.779623753876105,11.915991930213083
967,12.359999144342918,5.773878571944012,21.197199187047147,-10.381704019454231
968,-19.90421341987065,13.011757951344736,-41.746704020054445,16.972790566768047
969,5.696934939378542,-14.12430421544985,-12.264661111114831,20.632011117840253
970,14.956958901550154,0.9906808753427416,28.75963349819613,-1.869218616527657
971,18.911568301347263,-7.129329781107391,32.99525893633117,-6.089427061149335
972,18.04417301787445,-1.986312011258176,24.891924095246523,-7.402557641508038
973,-2.4582692229567296,-11.10466085075208,5.0164012348389,-10.365282158573768
974,23.45606322963233,13.316326882821794,-33.628342460313746,23.38062441243592
975,-0.162455465319623,6.06189824782759,17.924459451002377,-16.749711836259365
976,20.064297058584685,22.86594620448064,-10.289705807349389,30.23277269303373
977,-15.09893945728925,-0.9004895535193898,-13.549134486913546,40.3223381025045
978,-4.401210843150874,1.934505649672119,-2.365163438899712,-2.2131615088664254
979,2.934111459421428,-7.728499276608742,5.657022702040358,1.492631264594393
980,-15.795662577309178,9.460885418078002,14.187902727928597,-14.484835404924167
981,2.034800844914594,17.115237305186092,-27.56750294970493,10.510220403149484
982,18.98427426733084,17.505295755723072,-23.086425695040425,31.857417663159183
983,10.08246808990934,1.5980372600548949,-17.881865569006223,8.562695565375876
984,-9.05618535285133,11.984628775161148,18.159715172394204,-17.990164411120055
985,2.9842420605919395,25.14431640814357,-21.88235340456519,10.617111733929075
986,20.61898806080017,-1.858842359300754,16.57898118885035,-20.182185303839084
987,9.769289638132609,-5.736086173750805,-9.179993267644798,36.32144440891948
988,3.339158573740299,-8.449083296596653,17.279103575205042,-11.604477466290817
989,-5.35336369479163,-4.968933927127999,22.10172173398266,-13.935404789163655
990,-9.192038215521714,18.3783241265062,-33.41692324898764,4.720645697118545
991,-32.869351004640045,17.568624536905027,-31.964449896387,26.29751304539275
992,15.49560217620531,11.19462420651508,-41.99269548377988,16.319966707139265
993,-19.61568223874115,4.758236207901335,-41.53031061894802,-6.585181855344187
994,-10.935957872811954,-5.125350925670912,-23.572022518075045,25.27921941744653
995,-15.835906791029016,-0.6319013992975164,-27.32666837190064,13.580419884273818
996,-8.140158085438784,-4.125654346413849,17.552589592128367,-10.02224273427488
997,-27.99422900313224,10.988846429732291,-29.446818488482656,13.18518423137552
998,-7.948269481424976,15.721094382648465,15.62951488543908,-13.979882194065135
999,9.112583650215573,21.752725104433427,-18.75034042448463,25.86861617658984
1000,-4.793420513457724,8.849951975091896,12.171193052993278,0.7568512012466684
