1,-2.041231853586011,-3.1576372508478827,5.532047288448732,-8.517074186708243
2,-12.073155432718803,-12.953390094190436,-50.970417956904114,5.924328479525906
3,0.11891488872917548,-6.283851574986857,-7.232173231713058,7.31472417908404
4,-14.539738594072253,-2.739616988018271,-24.640409022358877,11.005037759356863
5,12.563402949572806,-20.128332472415632,-18.571077496187016,30.890217637319257
6,-0.7118298619407948,0.7797938333473631,3.8822557956059685,-8.614399768699558
7,-11.578960597166041,18.382721140395695,-34.015458191170595,24.772499615949123
8,-0.5399506349178959,-0.8226428558757393,6.6005468548777415,-11.030056895958094
9,11.735244701101216,-9.998079886438191,13.092895411743465,-28.814518942727723
10,-2.532972665959824,-2.92538194778838,3.5339038397201605,-6.806012453110688
11,-9.455854892889871,16.839539925542883,4.046833625309775,-30.711773986749517
12,-9.713033724639269,-14.762454069708507,25.3680844015846,-11.816108756674225
13,5.6609046717288765,-10.582834995291561,21.84774230592477,-5.2345465175435475
14,5.168394314113876,3.125971306799143,11.011034187032553,-2.2882895852151686
15,1.286800258025904,-6.746535197182477,-7.668287103335622,9.214372009797101
16,-12.695070541216449,-5.375856113808334,23.991880455239087,-13.796250738263103
17,-24.17791264674713,5.307019257994355,-6.184001718380228,38.16030265743465
18,3.161181661353976,4.183715052247733,8.86590056555549,-6.011902746191852
19,7.665605400064772,14.590780114608702,-16.053564824136423,10.513115178374363
20,-10.15593862374196,11.845772597522503,11.644094256852938,-24.735192979924406
21,-1.3400405609636223,27.69458170824432,-14.73531233672532,36.79568335027676
22,-2.158511424910272,-3.4495058727065797,7.059716368274451,-8.182064389586637
23,10.141337527965707,-0.14057805432955428,18.025885312423885,-11.656697809737313
24,-14.164028012925305,9.992419605413769,-32.66207290728381,5.302820190849308
25,-21.815504791275707,-1.0476356050823972,12.733066249294565,-26.356184056883915
26,3.524888382521558,-8.980780712741069,-40.8154324897126,15.491535460820495
27,14.174556505900602,1.750188064231893,6.256465731956905,-21.302327608912993
28,-2.350437399917161,-0.5127526254740367,2.7362402063010154,-5.324772785130578
29,-12.291757943996027,8.053587644149221,3.444819345204974,-36.230998784961095
30,-29.46434968632861,8.841341516484155,-47.071538239543564,7.762088688519377
31,-16.689191861203568,-13.029308537150138,32.26871212157219,-3.7302053147931544
32,-5.434302789104526,-3.7693899954816645,-37.0980406088368,21.800407604190706
33,-1.1669111779168606,-2.2413003005013366,-7.3227184284172875,10.450424847578343
34,-12.719188757732542,9.087772160348582,-24.640524491263477,31.962237271694857
35,-4.312599119041224,-5.991173514474349,-4.565513149127685,52.05651750654728
36,20.148218692676398,7.0210596177760705,32.59798556719638,-4.229240056977631
37,-0.24294293280477858,-5.611830877548127,4.674662726996173,-10.230468228711304
38,-2.6671930494092746,-17.070878773121976,-25.433373719189632,31.44645028088854
39,26.999181435688673,-1.7083580537950975,-12.037588884014117,37.54657351321832
40,17.967528286616805,19.295873447702625,-26.878928231298858,19.892670745379142
41,-19.391343865842106,17.208948495846677,-25.78734204886562,19.829249257177896
42,19.31453310586847,6.445058842227716,33.93657533137322,-3.8783099827295127
43,11.231962923311132,2.530858964538065,15.864458107295158,-24.477292060498844
44,-24.178786879050772,-3.2536078346997868,-35.39583999780298,15.50843955821926
45,12.353986586913003,17.7215174256877,-8.036651739401012,34.16995034250847
46,11.797720087254838,24.56937956170044,-19.307900894564103,37.40741796947606
47,10.38263646306892,1.4138605679072564,6.887195085214725,-22.926922315030666
48,24.857611567413034,-4.540848534697223,-48.874800712585774,6.948700754405488
49,-3.445364934720678,18.33552226306133,3.19343138093551,-32.27132443386468
50,-14.765879118851966,-7.709455554668319,-13.887696494506068,26.264925677324392
51,0.8898404097337771,-4.429717669174012,-23.496235083014263,23.780223149945638
52,-28.303125373826425,-14.864066043094372,-14.050149753257557,43.84921103324437
53,-5.65555756271914,-22.102117694871094,40.399666363142245,1.567704740980988
54,-18.052761354909485,4.189256951332866,-25.970478000985803,29.12689114304329
55,-1.69656517958685,-4.127901750450453,3.881147599884284,-11.302336864682385
56,-11.114553820276535,21.00900658895825,-11.84445166579762,39.1984658879051
57,28.498471675847064,2.159040214835398,-40.87904536806045,13.925492739644607
58,10.5206088733588,12.054921069019608,16.648972476820234,-19.80908070002076
59,3.8317705089215375,-27.92418794439099,-6.414960415025805,47.15290309088229
60,-5.186954213900594,26.64637961507657,-16.61598837519859,32.73871838390032
61,-18.086140943052847,4.401136791295248,-27.78149332973935,7.4496800779749055
62,-7.442654792247142,17.40854102127044,4.221517800003666,-31.92995229907072
63,20.421505217384766,-9.991524324132518,6.656850394295721,-34.11956757988087
64,3.890679049056053,-1.1871614133876063,7.446475893303837,-34.2607400494188
65,-15.956991670533863,11.340282090853222,13.511105390279377,-23.147607977197204
66,-7.500974935855581,13.958210508719,8.69363261454904,-31.90354473064094
67,-27.027070638781844,10.774826005027991,-44.73503826589799,9.68130755110764
68,19.2673601440981,7.861962139338187,30.725740229024602,-7.3549770602508175
69,-19.261050236514706,14.471124475535898,-22.55311873349721,21.780145987905776
70,3.1626344279616503,18.444601402095618,3.4907518508368023,-31.110455942819357
71,-10.551025077572618,6.064960037413611,10.4463645621325,-24.706472325635534
72,-2.166866985898729,-2.5509175828808504,2.620438684251005,-4.555345555145136
73,-2.9363908474832536,5.0557194992629775,-9.59247034468564,10.721465867549718
74,18.201420658093078,-14.487136759392325,5.548624440995664,-34.34401876868338
75,24.866986342517798,4.566773501475481,-38.90890729302668,15.942545407880909
76,4.722843353405834,4.935901170355105,-3.5933933612811457,13.06432440472735
77,8.60705589554999,-0.34506743535572626,29.22746515266663,-7.146582954326073
78,-10.90804263460715,-9.969853324004603,-13.664384157599304,26.101794821109205
79,-4.625128793508082,5.572441868816552,-10.12151629742878,14.423963076522051
80,-9.16654870183334,20.730496130163814,8.940741275045948,-29.695694215697596
81,20.833564028780586,5.579519961517121,29.07832073887826,-9.823735353883233
82,11.11823527530461,-16.573116059367386,-29.44525639069846,23.26104174551334
83,-14.257305489312738,9.065102690755356,20.257282001836263,-14.522335000803995
84,-14.273496956805952,-11.242201702079965,-6.79479805530153,31.501951305862754
85,4.188459398000442,11.853876480196067,9.240161349720495,-18.644964219772753
86,0.9489569108056675,-1.6152218111930825,12.437968026984302,-10.38903943058403
87,-4.80593231403478,0.40111265697171616,-12.24896268555841,13.663731427138833
88,3.826334879725464,27.193859921689683,-5.385569203894828,50.00831799900551
89,9.325319883055702,-2.2724890323044216,6.97683270301066,-15.429314049432922
90,-29.20576570038631,5.3921401642578966,-48.057595378638446,6.6326830431648585
91,13.077938310514316,-16.112538200835694,1.4126626794754313,-36.55814004029068
92,-5.230501520746925,4.248006092678572,-9.964005894126384,11.251954157404228
93,-8.11152468589641,-6.740101989022709,21.05134439541272,-6.230087634326379
94,-25.73552629067707,-10.481495776040614,-32.81132710882348,19.538006962149733
95,-10.277701352312823,13.296889773494115,25.296978642348545,-5.684178027433589
96,-2.8310543132745867,-0.2236694303172706,3.636742449593865,-10.551353361292577
97,-1.6820031391457468,-10.539055795732741,15.696775718162337,-4.457683009261724
98,4.02401066498747,0.7458313171074861,6.236408210040748,-1.1222268971754834
99,-0.29669650283016863,-0.061583258994640344,1.278200170752413,-1.9999598113453132
100,10.659744288118471,-21.05611888759862,30.91979862429634,-9.225388300928994
101,-3.5087118163275037,-4.403371342152797,4.876373095205611,-5.786958262837067
102,2.0496475580693985,7.547196319332815,-12.078135618872412,17.101282968637374
103,4.982066052123367,1.1367037657965113,-8.295427744505256,10.990825619969819
104,5.572296710087869,3.304021383566152,11.7374890525181,-2.24937079068696
105,6.0434775621422485,-22.156550231588604,35.05471400943928,-4.764181506951179
106,20.41964981143804,-14.078785433094072,-6.572820270269085,41.62953327391527
107,23.99296303623802,-6.6718411110698055,-4.351623801967288,43.23489489812072
108,-6.582659598744618,15.664952065077099,-20.899636482495772,21.63514566478782
109,22.798869171273758,-12.140145002217768,-17.973147004131885,30.744425087507864
110,23.278863558280882,15.039494555331942,-20.457818132108862,32.34901381490788
111,3.2338158951255083,10.736758432937291,-9.760236551397107,16.40525141166905
112,25.973162862210735,-0.38004637101445143,-10.305799871310231,34.79318503791923
113,-28.105295682705822,-11.269947070412158,-16.267864132440774,41.48084178799904
114,25.56181449325132,-13.26798490292841,-30.14070013666364,23.52980626866169
115,20.135047381547263,-5.01622810222647,21.927132652488957,-17.8951338477484
116,-0.3473633461152946,-14.45731805919109,19.05518361782925,-5.3813278088397976
117,-6.976782498953261,-15.36263878748932,-8.570676363571994,21.64432521496292
118,-23.23392138291363,-19.888340348331724,-9.712310142850363,48.28012454100882
119,17.619906590923172,-18.162064511528463,-46.58180313478819,9.641224369485935
120,-8.077715338624856,25.282244025122488,-42.51653787070088,13.307306302292446
121,2.8789973159022337,-26.376998024104893,-7.131871282020283,46.968863165282116
122,23.785771851757712,4.436256412840612,-28.40575476053902,23.11568581310958
123,0.28884536716903364,1.3458350420053165,4.61268980736297,-3.0147659830365066
124,-16.909215082025664,14.95544527240717,0.964847018587154,-38.40342408782333
125,-22.809153043922606,16.727122401741166,-30.919492428621346,24.497116830820374
126,-0.9292224736839112,-10.479035354371382,13.10542415643118,-26.997686635037542
127,-3.845507516383446,0.8090396948177215,-22.98990138693459,13.074194072260823
128,-26.945857087004875,-7.596156710891167,-40.60588618685422,13.68205539514673
129,-4.315606582445713,6.540193869059815,17.048212602807645,-3.7268755271097604
130,-0.1889823748727272,-0.3031760183944252,11.816870911760835,-30.95928938319135
131,-0.901697531577506,-0.7284216220142996,2.618362943748045,-2.671094832213188
132,-9.984360801989029,16.542824959650552,4.515592405863396,-29.519781786351636
133,-10.938505598149527,-2.4027542193700855,13.233843661540257,-8.496585612213984
134,2.1228157879940666,14.365805046448045,-11.745444062478622,15.965012393011028
135,-2.666652916911506,-2.6676633744371196,2.894643144328581,-6.380632199229323
136,-2.7435252743436473,-0.7429818119912445,4.765703419988804,-8.202795162092462
137,0.9427762358988551,-4.368617805926328,9.633311835226548,-11.147280151874295
138,-24.863022266637536,6.1942498346677874,-7.53004423749037,36.70493326265878
139,-16.417171564751307,3.5482609220734362,-20.631862372448744,13.225325275501593
140,13.94084374340421,-1.558662050528961,-29.905214481050553,6.732110073621003
141,-3.1991388393153626,-20.7703874082419,-6.705468390829973,31.982522923277685
142,-4.569477608938934,1.0736903472972528,-7.90295469141096,41.93627112754719
143,-1.2725946827311287,-3.36056789920226,4.585263375921173,-11.155387767653497
144,12.592271137243506,1.6607969337368238,30.27381563736509,-3.6269190116274665
145,-8.12628051733981,17.638654502936383,3.272146745873782,-31.84213891800625
146,0.03745487207227867,0.1023550512424938,5.322332797089749,-8.618939957240697
147,-5.590476572338966,-23.613822644761562,-31.935816417116804,10.816286204847534
148,9.83330961661019,18.641408036706743,-6.815531183679646,33.13743851940945
149,9.787261838248973,13.934253966735312,-26.98609509229297,2.8636585830110404
150,11.831660902366357,21.40293018359701,-47.97576326488639,4.613831028649882
151,25.393921124600173,7.4333135393701,-29.338419930746948,25.316309641656577
152,5.7430147281354875,23.79414083469712,-22.779856094199346,34.94720133651168
153,-19.71162494108553,9.12083361684838,-14.766812155693287,29.426169212582113
154,1.4987623915946777,1.4323134812625826,0.22215131742446426,2.9771099607023133
155,16.262102765656916,-20.296179737193157,-3.7671142542307416,49.23986107424393
156,0.6308349971603299,17.255564955642093,3.6327806837045307,-32.263109678370085
157,-29.19207651093051,-8.811958276324795,-45.77719115834844,11.214326585294158
158,8.292813257186488,9.301161972742937,-14.304609639675459,7.299183556459286
159,4.987137711281376,-4.744562414572885,-11.47863965327501,9.743034255346684
160,-11.198769687701704,-17.699073273840167,31.33285190547174,-8.651735939440268
161,-15.703926203499927,-3.663873072335614,12.00040545145296,-18.604683823387184
162,12.102563584771842,5.039887221226925,-9.730189757995037,15.550934724897672
163,-0.5324320329677077,-0.691067737675449,2.5202998931840455,-3.596692791122952
164,-23.918247085799358,-4.132813798952245,-47.83549813818618,5.6139887502556
165,-11.036817347756331,-2.226861129448504,14.044591351250386,-8.643022950530694
166,9.105661189173293,-10.886119528543357,4.870601620744241,-32.41921977122387
167,19.45398723914907,4.30806164072477,28.009184728281287,-10.751138103303557
168,-5.470480569308209,-27.739411877535918,-15.547537582571403,37.99620397239158
169,19.196365661122165,-3.033984520565123,30.432713968069482,-1.8573485863818882
170,-10.16616421133892,18.431811063443096,-30.790844398779264,8.076751966984812
171,28.062114568400524,10.589062583891366,-33.88764100546229,20.629130415637096
172,-0.8070765847474519,-13.96617964902768,19.92212080450593,-5.255849954325517
173,3.5257033127387047,-21.80215046475555,-18.835590270119248,35.949820798529935
174,14.865894545488937,-3.3524235827299207,10.092981323410426,-19.296724009753106
175,-25.977854980041297,-5.592308728402831,-32.507715721155975,18.967992296516552
176,18.769162997797928,-2.697301898763464,32.421209728832665,0.20111733972465032
177,13.382633636198374,17.413074356471633,-5.779723882273565,35.331181265060664
178,5.750681652648291,10.947331968317616,-17.089517677038916,5.642727801207092
179,-21.813809871922253,-7.635094783972643,-42.37575830608333,9.084846973936596
180,-4.484678633360072,-1.3817570204065894,6.9086871463911255,-14.46156611762692
181,-19.667628162305064,-11.70787848720423,-15.05296017774452,30.340353119267576
182,-2.699098334532217,-27.998003516777725,-12.792737643201052,42.70711878922625
183,-2.7155402930266908,4.200461661707844,5.767664514195631,-12.725366726269673
184,18.803168952304407,2.905480161890124,32.98559091855352,-1.1965033543553474
185,7.63536182659647,-2.4672982913383175,-50.364837759321574,8.198851845816277
186,19.635645644415895,2.993413317385486,32.53026821312176,-2.4314316421981115
187,7.699301214193663,2.7858615285187835,14.636333776635876,-3.354826623216991
188,-5.350305085305438,5.577714195298024,-9.774166236301259,15.460993973137505
189,-21.89413390125598,22.048026599287795,-56.28814213274777,1.9767991168113412
190,11.216732323631494,25.563859876008436,-11.98413981704281,44.233842708875
191,-20.934905959230875,8.684693164733085,-30.342433128030205,9.162217003861045
192,-12.133687313215335,13.834578442674166,8.860744811737282,-26.937752973166283
193,-18.546175186249418,10.730644756475314,1.3957970297508333,-38.24292712536011
194,8.640125091957586,-0.34493154877506366,7.227921141903154,-14.510196257916371
195,5.762619487635716,-3.5632540219057844,13.021340204394283,-10.602306703257216
196,8.281093765241703,11.417382462892935,-18.12935240752656,19.367979988200368
197,-0.6067658739651869,-0.45093124583686384,1.6040864254627851,-1.7144483196719686
198,0.2754308835702369,-1.1342950994204553,5.564260781640023,-10.446519234234447
199,-23.80095808236103,6.730914130296123,-14.705937593935925,30.2241090136579
200,-0.9979089061003361,-4.267293929191562,13.825501338147172,-11.624830186530872
201,-3.9218437215410793,17.08295049477475,-33.80633401442367,20.504980443216397
202,-22.03270382725288,-3.061667494779763,15.202697456542776,-22.789867724267236
203,5.8181345651282275,-0.7098271469112232,-14.027412628627152,8.018758303521869
204,17.080817658047103,11.1803772509824,34.241054613938545,-3.6986658227369675
205,-7.915082607958309,17.723365898507268,3.397613341778488,-31.097093337440505
206,-0.4778593761304558,-0.28451775210395586,2.7699029497788166,-3.295255181786915
207,-1.936675734509533,-1.373495773481946,10.214659382970094,-11.588262917295548
208,-3.5376349836506775,-9.604572199673493,16.474832722235405,-8.08669646274235
209,-1.7415261515863172,16.199982019004473,18.899941144360078,-13.094306550113071
210,9.613989955479752,2.7465373756655462,-8.503725921907138,13.251423804557096
211,23.942197695488385,13.095317497546002,-31.773798376752694,19.943237623849235
212,-29.672339492802628,-8.38048840940394,-43.951554465475006,12.852452894014785
213,7.9464922966083105,-18.84048593847129,3.9719796597847994,-34.02734644679283
214,0.461535797430488,-3.248405137921195,-7.120987223660093,8.266605777013364
215,11.288810531661522,-30.533677088012645,-25.30599691844923,31.030658541926226
216,-8.368363137464328,-1.211356858405099,-33.27268871006001,15.140775382935336
217,21.36420848203976,16.369372149190816,-22.488572926125116,27.613315791489462
218,1.4134067153585836,0.4384648666069165,4.235702792291667,-1.4910672843887756
219,-2.1996214697273824,-2.3443742613637144,4.075296897388343,-10.630880975750737
220,20.250180410955526,-1.4856354976029205,26.121212370253613,-12.844941052340175
221,-1.6614903175673945,-16.086039752675177,16.54497084381466,-23.939856534086438
222,19.692166267952317,-13.082730644163894,5.57918281294329,-35.32705346522506
223,4.708079394329202,-12.990343027044958,19.586750462525586,-23.075539251956176
224,11.629740580791303,-1.5391306976709933,3.3400709928064733,-18.944915285503107
225,7.3375764340173175,9.597755898931561,-10.602155107136692,16.16128951169449
226,-9.046532756084124,8.827730228499119,-27.44485147898194,10.961452476529981
227,-0.24805295687017015,-12.54388393813375,-15.161706444006365,10.755580238248177
228,-11.528075385721403,-4.024448560733861,32.90193404190713,-3.263241363505338
229,-10.261161498009434,22.493083998235782,-7.54990839492398,42.17134706460808
230,13.823038600465699,5.9586442159740205,-29.084313813022725,5.445300898494489
231,17.609553460788852,2.3197072970481125,32.06085157164765,-2.0133084284845717
232,7.0648458324566095,-27.03350901931279,-3.3028827923563817,49.64690258522019
233,19.00936684364092,16.73973662278076,-46.916712502829924,4.8290977239574975
234,-13.07596317013775,-6.737447529983802,6.1561147612018665,-25.258621621146276
235,5.627858074760702,2.239217898104511,-5.6534403263119986,12.115607104017194
236,-3.825138767080972,-3.837029622590461,14.990518556950477,-6.298624511777125
237,11.844226820906066,-2.6211250234364396,-16.66856436138429,17.726499399002527
238,-21.11856034930514,19.322277264957904,-22.72716808679011,34.844941128013616
239,-2.577801848395782,-23.064321012658617,-35.40671291239439,7.9933411512648975
240,0.5169894586582731,0.9404092201224532,3.799693507244703,-1.842591344179051
241,-0.5084493510938698,-0.4958733390619032,2.4746463964999244,-3.3855864056286054
242,19.685432522614526,-13.742534464222945,7.039078682048614,-34.218572138165186
243,13.437561526246247,17.872680288978778,-48.24734463552531,5.2831083794819005
244,12.08903296371652,9.084458667263112,2.7182657564133588,-25.57818394291983
245,-3.260537638299739,-6.666247841334844,19.490371050985484,-7.807349141271217
246,-7.300588349624926,-1.912914590097597,5.290376787349378,-34.58286670932567
247,1.1558112568740146,-3.0118263237198923,5.7730496261971025,-11.076389004042056
248,1.9125053779145866,0.5845129893662067,-0.9145677656344822,3.441958215214566
249,17.617748421858888,5.107101334784387,-27.760379967388207,6.5544960742254
250,11.999112539733918,12.718266465480909,32.187138688439454,-5.920848936844385
251,-4.363235991876516,9.503764237410383,-32.162379910963644,20.60533914182957
252,20.65112172989386,10.866178289486822,-10.929899109099264,43.49526505889518
253,-21.50919536866125,16.096738856677337,-25.472632446094888,20.9117933165375
254,-22.701959814325164,-18.445673090142765,-7.711699815056664,49.603637136647464
255,6.474867721866694,8.372808334814101,-25.02981583148692,14.344665553455517
256,17.973626064219957,-7.52489590097385,-27.89374921900701,12.808900008903318
257,0.31942558723057074,1.9494496860376553,5.517252682060894,-3.8844344984564545
258,-6.938082901536449,25.528186536621938,-13.825188525957278,43.997401081749146
259,-6.12133429643484,9.776594859300118,-6.274594372169181,37.21502889651785
260,-0.5466303714822307,11.664820079994104,19.99071004635541,-2.6794823589129537
261,10.871472440911626,-1.7628864051070896,5.921053204566253,-17.411577339037997
262,-1.569884541453312,-1.8632055084801304,7.268080855727094,-10.15923297987565
263,-22.522015499687758,-0.6509462404691109,-16.594105245838694,22.519048238217344
264,3.5684839543340283,6.517455937378794,11.908043499446485,-5.918521568273462
265,9.160791411622426,1.6929693210134709,4.730312492387399,-17.300972249181775
266,-0.18130947553207744,-20.86055664362103,32.05756008470742,-9.401328533191627
267,1.6455378212559695,28.880296364768792,-25.002440996147016,24.74371912252157
268,3.3453987373728125,19.088222335626117,-10.836056930545535,26.673460099939415
269,4.015794600776852,18.044295369647017,4.494166130757583,-28.93286459267651
270,8.093687850699727,13.986415937478403,-16.152736102417173,11.530812553286307
271,13.401276524762418,-15.5115233213106,4.595641463871596,-35.29402966988071
272,-14.87432044068898,7.6892910255274485,28.8814794625241,-3.29880849834304
273,2.442787258446568,16.980891295838386,-2.839007373423114,52.22686923800819
274,-15.791494656499202,4.959672287025457,-15.74389311575661,18.766366109033594
275,-0.6064006881365511,-2.5356185189730356,4.8054498783577895,-9.917171692888333
276,-18.715270976540335,4.327428423657819,-27.31524303370701,7.658805275048513
277,13.38878855334391,5.1145222353561,12.461970282790642,-24.434869335056483
278,-29.474805591886565,11.475193149140974,-40.35180921422686,16.3901926055753
279,5.291728790362898,18.483473622186892,-8.028062229940659,31.451473130664546
280,-5.31664953649191,14.31245409481115,-27.08199131823971,15.021071030356614
281,1.7070639418522966,-23.592497010600404,34.875421556608316,-4.228206162484472
282,14.222109060131311,-15.311522558079137,-38.35292931971069,4.047990650112161
283,-27.32719670397929,-2.859331368927662,-30.244719537621755,22.161050008412094
284,19.68190718220786,7.276012123888573,33.10924272812091,-4.890099616642029
285,-0.14773357941426896,-1.0739250259496975,-0.3011074307586759,1.9497768702302634
286,16.301998255825858,15.590901175307076,-4.5350479120110485,36.115749127915215
287,0.7635396033923609,-19.817723931737238,11.881662295835637,-23.051296426388483
288,15.986124086733668,5.170469438378156,-50.15111593965004,7.516340431239877
289,-16.177473909856797,2.8204255106649048,-12.75558295164467,37.22225604903626
290,-20.808898596389803,13.449569614493445,-22.944352924834742,21.071285913047948
291,-15.288112134728266,-8.44940582718897,-28.033986205225794,21.4593461542467
292,-9.034605510947653,12.18510504452949,23.230015079191666,-7.316453899471391
293,-3.1685998441619234,-9.928460907050212,16.55101861190595,-5.077407641758051
294,-30.45301841923877,-13.123707280943245,-19.040882936617784,38.892055450159745
295,1.2493350005103543,-23.975383720911402,35.664036056518505,-3.0792963401561337
296,4.578188921835295,-15.830016234507857,-25.505274864504166,27.58529468261936
297,-13.671009868688518,-12.598611729657542,30.98135712648682,-4.884656427249602
298,19.70093934700794,4.854959110071805,28.88072696221219,-9.166459365546022
299,-15.414204661046787,2.682103188466528,25.71749783283182,-5.2591491593503505
300,-2.278524755358402,-3.2583148730114084,4.1790188069687355,-9.691177063938483
301,13.519791710687084,20.735468856526413,-21.900154942381302,34.70349475326032
302,17.300567184073476,-19.709173931989334,-9.481831799660188,38.420267617313336
303,-9.713752605135555,1.3862221924663873,24.22209865557711,-6.503566132708426
304,6.398101228256962,26.825437657732902,-29.988588915184334,20.913650736936013
305,-0.81669226926178,2.373228033258573,6.4859682146234885,-7.874470567109556
306,2.4875281434656795,-2.717594655552014,-6.010364612258153,9.881712381274967
307,3.251104687735862,-14.1200640708641,20.657003200292092,-3.900048512177668
308,-2.575182771060823,-7.593615029502194,16.236032137660388,-9.394908368184803
309,-14.577774398223543,-21.681103902877236,-23.332907385352556,28.0588018271253
310,-20.57960153868641,-5.2437208686853705,-13.78995012426876,23.948526788852877
311,12.284127330632371,-24.757876953295504,-3.3052772798765018,49.19413205967739
312,6.461706062976946,3.936973073344466,13.482655349089423,-2.36935219846972
313,-16.53549418255916,7.1886920397668606,3.8452789609678084,-37.4117236233166
314,-28.266985337219836,13.84759882149531,-55.10956705422037,3.9961992040454
315,-4.037569040764135,-16.828815142144965,-6.476681401614714,25.36217650847433
316,-0.5366543780054981,-0.3223048098250033,1.7161098759547755,-1.2256883593157146
317,-20.357409807858563,-5.5366763033956286,-14.25342930732955,25.143865297729906
318,-14.222727802995502,15.338194480664168,10.673907479031168,-28.230239684274675
319,-1.6842770415561645,12.158954078561374,-15.023800624824972,28.623694497154457
320,2.653227717988364,-13.826107404991726,20.045125113067954,-4.455591119147942
321,6.790613261686753,12.109430759956188,4.34958353366962,-23.79237503771605
322,6.5290827094363895,3.0132240461856763,9.821362256725354,-2.2059819868579145
323,-13.620605115135167,1.8849606066918785,14.481779189562179,-20.537598943570448
324,-10.791269309035723,-11.91988119813823,-7.900760630638759,30.357267414132743
325,5.238884643316409,10.78507298754079,-12.244708935838062,17.524028418985765
326,1.361975140625374,1.7820282773985856,4.3037821324555114,-1.5215254277622208
327,-27.527917991583756,-1.8549709368443288,-30.631327188616496,21.22456481654474
328,8.397650251102359,-26.41154766498817,-2.814862131834828,50.1046389317919
329,0.10461409776197757,0.14184432337456837,1.8893768662931294,-1.4184172590415858
330,-1.5228075169652073,7.324325761793,8.656273732697287,-10.462461314259915
331,-9.936905322765154,10.313564819341591,24.22992517108754,-7.442653173240264
332,-6.028340361275693,1.340678732425668,-8.849794083290261,10.265281805403845
333,17.234398317530363,4.701606436133889,27.256869668090292,-6.812780217811152
334,14.7783855365717,4.996921323826312,23.660969695659013,-7.269896489601551
335,-1.242096668037033,-1.342600390439306,1.8604662616272472,-3.931097750429372
336,-13.57464489622335,13.757125101785666,11.738286626129739,-24.806505646928464
337,-2.9345293221368687,0.18425718941688735,-9.655570329220481,25.516271751263925
338,22.708991825720364,-3.773787786931247,-7.17166326516197,39.41477542141605
339,-0.4804894839588112,-0.5740082519601044,2.5224137622041694,-2.933938856490304
340,9.640717829368326,3.376722106325473,17.771100849067658,-16.007362674972704
341,-5.19669928022527,-10.517226399399659,19.69626257167253,-22.43918110199144
342,-1.7296822069280797,-1.458763558614866,3.2744249512255963,-4.716171209300413
343,8.287886927203735,6.06068207702741,-10.566175588613017,17.357827877912037
344,-6.557607586279656,-15.95241310145552,-8.319528198029746,22.27038901069262
345,-11.45832946737465,10.66111958286182,-13.262732727049158,29.539189301803493
346,-23.234004986362724,3.655530867739226,-24.345079414683575,16.126377961075676
347,0.659749764063542,6.379492176303868,7.687561985336563,-7.904146926265156
348,9.746438716194586,15.091482339000384,-34.81758994107664,11.14516340464822
349,17.366906890246923,5.595769155356195,-26.086754716450876,10.145437608237074
350,-15.390078378912516,12.101487802573867,-32.752508448279926,5.674537186720476
351,13.170502036341407,3.847294131667134,-7.639680993213349,17.13717446324858
352,-26.238481656395333,15.829861532888582,-35.91872309077537,18.945578663193302
353,1.9528573523478876,4.658596344528273,7.191290846126575,-4.6353114192083265
354,7.740007844426825,-9.28344641205939,22.83262652178906,-2.988883869926447
355,20.22431097116407,3.364183772658734,32.07465876450057,-3.150253041014875
356,25.444697076165887,-1.5681130349459376,-5.435483807021235,40.516168016263734
357,-6.897427062954618,-10.86743439142889,-22.651438950940086,26.694244355334813
358,15.021654522055332,12.08376178085638,34.56244585440177,-3.432725135008642
359,-0.7267928664491994,-4.863451994141353,7.783469308201807,-12.038672773054618
360,-9.416448271784203,0.48360360280171183,11.94654389488468,-10.067930615835824
361,6.18375151429822,-27.538437981188753,-4.264700159068618,49.0432975176099
362,0.20035803705080188,-0.552744101642038,-5.294030400417247,13.954832864466326
363,9.049690101029373,-29.570948016805175,-31.07811820375897,24.7585495185463
364,12.0691156345865,-19.836892614623245,-38.42967444872513,2.9264963646497373
365,-25.104861227517226,6.621542839114916,-7.347270758064122,36.72570853616827
366,-1.8702705743947337,12.663999706050157,20.66808607461135,-2.600552583433595
367,14.984926181337059,-27.04425070302517,-29.33044871384132,27.658291156488552
368,-10.767563536146278,-0.050389166271987154,17.018972268502175,-9.944212285369597
369,-10.462952213202808,12.090484804680557,28.41472877705406,-2.712916139673941
370,0.7090594822388898,-0.22011720736300666,2.2595223881196427,-2.6192695643241444
371,-8.47580516698322,-27.10727065432284,-17.348315176596962,37.65499584725208
372,5.828868527574228,-0.31684262852800193,12.302840734547917,-10.532809365395986
373,-0.008294521212294126,-2.743349585061167,5.7079768453396325,-9.145912397227892
374,-1.8785818042502407,-8.793334572557534,-13.140202558706992,9.562533635735692
375,7.708039630907275,-11.725401826765163,22.545367127169158,-3.461775747652909
376,-17.863883734723903,0.8647874939276301,21.271282999393584,-18.65836403929174
377,19.15454018535275,-13.635459337551401,-33.105044506333236,9.526869331592103
378,20.23560075243767,3.31315357789162,30.558018195410206,-7.974543437718005
379,-2.0923750881727425,-13.711613206508307,-20.750496398783447,6.838280211291557
380,0.5158877438627724,13.468143288847514,-8.243009388784326,18.939912786302695
381,-0.5800192323229096,-22.760857508130336,-37.58591339455025,3.4912582205686555
382,20.455242731837945,2.401242956650976,32.12156579565678,-3.715959471122146
383,-0.5313701859404548,-0.9869501379103685,5.186447926624736,-10.013642395750027
384,16.0426184265003,-13.669196620944765,3.407406838869753,-34.916051143156054
385,-8.32569139184861,-11.820830159020085,-39.74418846806655,10.60601443803382
386,-1.3463446001067159,-2.3319824061589385,3.430263275236638,-9.53955429669449
387,0.1375926488259538,12.449612404750678,-14.381409442450131,9.183298761751619
388,-30.44139264620041,-10.536912512487334,-22.209572608255165,36.25801553420801
389,-17.54219804089691,0.9927722848203786,18.541045867510114,-11.493407297176393
390,2.754645094105129,12.98775335796527,21.68607319751896,-2.484748981112341
391,-3.496362615629799,-7.379415806073432,15.962088602039884,-8.59092806143713
392,-28.151051082561697,3.9526573229831534,-47.39077833356382,12.874827003094605
393,18.01440693434257,-11.989113570019693,-14.512809750577679,33.258146131991026
394,-8.63738106769416,26.598510250474682,-18.165310898079024,33.9681947439299
395,3.627309037766423,24.31737269139139,-40.87073645699148,15.297103986913118
396,-1.3612200258676501,8.607731342802031,-13.616255476139623,30.9728528876419
397,17.255344797834976,-12.975863334445625,7.3239905415589295,-31.371138662367617
398,11.169613864151186,-8.238887396874409,12.609100184840134,-17.444368964653524
399,1.4678751111730124,28.27717152625466,-33.60635588405146,19.81306353487822
400,14.594589098049273,-21.772942216636743,-7.1212916976083065,44.06867642045948
401,-23.668850329369352,8.74425065831922,-9.172651881307544,35.40999510343674
402,25.982282437605743,-9.93545153473237,-45.074565988294786,10.105108723542802
403,-12.969774327792816,10.909412880260616,-28.531129783039574,17.468450125075798
404,-0.9253037189670484,-8.877243942384428,15.980703803618969,-6.223718937837193
405,-12.09649086321367,-15.110463614967054,28.674345490514604,-12.848990723480327
406,-12.720539311921337,12.784763731279385,10.053577637505656,-23.340534954408895
407,7.111987171155424,4.040746546008733,14.122242435243795,-3.2729238689113496
408,2.344744032788228,0.7937696616030007,5.537362374812971,-1.8490430582379236
409,-9.019700219359455,6.653713204549959,18.145081858175082,-18.41956788857533
410,-27.970417559038616,5.402221358931458,-48.2859911704173,6.64856022284498
411,16.143326063316852,12.568640351294093,-33.101381268677095,10.778134894010083
412,-1.0644774769943155,-16.675866239249082,-3.6737662111860425,25.371393184915586
413,-6.411904246479315,-5.175352478593781,19.989049718882796,-7.853289429814252
414,-1.7405171339339922,2.209850863753395,6.33869056357066,-6.895597498749241
415,-20.655706749304436,-7.344992491946587,-11.516919659605112,26.655474527503582
416,-12.10628416588558,-7.843899235527052,-5.826588524758662,29.47250936203863
417,-17.561030790644125,16.86888608964037,-56.15530498237231,2.8241996469139408
418,-0.8392299802744034,-0.9799730867413017,2.284836706269929,-3.3338397962090114
419,9.837721487607059,-26.443304506132172,-2.0260029201198435,50.705123876387226
420,1.3323525285438795,-6.6122057722234855,14.976267148548015,-5.069601371693315
421,7.150490627234658,-22.178074117049455,-16.8718923100985,30.40649332385763
422,-1.8969000580502027,-4.902211537829563,-4.846417592071772,5.238248829011296
423,1.2844203571300863,0.8750575744883557,-0.009295008886096311,3.20316815499232
424,-12.221093917673056,-27.046762508796764,-5.60684758110455,51.958020430736255
425,-8.74482739700115,-0.2835115563686277,25.677929971062234,-5.496818083730557
426,-10.889870477279004,12.870195180449588,13.743177462721684,-27.5721020328294
427,-8.366018679354315,-21.1734882575309,40.10814486677858,1.144753898228764
428,-13.655353000677025,-2.8072064607827145,-12.670551505481324,17.880604903556637
429,-4.378115811814128,-4.559734433412333,12.44605586815609,-12.071719676782616
430,18.30378505925869,-4.805280095439234,30.638761313568597,-0.38361587390058427
431,16.137033287172738,-8.133110869276715,-34.371090611247155,22.482322227775164
432,-2.6686478051933338,22.327494270364635,-37.633409859666045,6.432661606646668
433,-24.251985400281974,2.5105959126909987,-13.791395438785788,43.416091756028
434,-12.844115905281177,0.9008348609050045,-7.169173609493834,29.23992448314329
435,6.474933438694229,-13.800293681963243,-2.1530590567905725,26.758251364449553
436,-4.677212671305962,-2.488201147158372,18.256884997275982,-13.316868393580762
437,11.691174960619183,-16.74031677431976,2.381832678660475,-36.64565781152405
438,1.7744960058231793,14.944460213055029,8.92770462751367,-18.93158637436914
439,17.19282315924289,-12.504319668340916,4.81028431464947,-33.39486220324445
440,8.043015042736268,5.497854934263417,-30.498669794344494,7.6665484880100765
441,7.361822319810964,0.06414566032034472,-29.353312903897045,6.314384752759564
442,1.4844927897581868,11.697741219067826,18.215302418790817,-3.6785735096385332
443,6.489140366512702,-16.385039057781672,-36.62019324852135,4.024096462323728
444,-12.84209962780091,7.435775772777913,11.47998668068009,-30.62235859043441
445,15.963330513682061,-12.464763647928418,16.008903965531253,-26.731862932942544
446,-17.955039853346022,-4.48139357324042,-16.78159815295551,20.71671701266488
447,2.5124291716044125,20.744421470098068,-42.41298272655323,3.2893672134679703
448,8.778619446354371,-12.267177233521618,-15.745537925400404,40.02308442624719
449,2.543301881626629,11.900148523319263,-6.566063634883937,18.38663263986658
450,-25.84016166032818,-4.841224712144991,-27.56739337128685,21.156582014680087
451,-24.961994065098935,-6.2166217216846045,-30.186618949537557,19.336607558192355
452,-0.2881076526139112,0.7892179927768771,2.4058954669328676,-6.822289330521672
453,12.64043899488038,17.890131061034616,-15.552478402442048,27.032252552596173
454,-6.780540650472744,10.086294309548622,-9.343033229229366,15.286770694500671
455,12.245766576777921,-16.597390695838037,1.1767033604162955,-36.79746998433551
456,9.534448562990296,-20.432155874493677,-38.047113796175225,3.8328071123483767
457,-0.08493954498278543,-2.2247344298804976,-1.7482729999059248,2.621289736823712
458,-15.547580182667678,-14.919631197880657,32.4910811293955,-7.7846011127978345
459,6.84356676529527,18.491189323938105,-37.64520760107129,9.31808330357945
460,7.496183338205161,10.776332241064049,-24.474335800028168,6.849313517228071
461,15.710085533569856,-4.826178916037881,26.90967077807742,-7.358291783855732
462,19.93626923008976,1.3432082624304313,33.22558807047779,-1.1720959463345877
463,-25.361998331935947,5.799370702641565,-6.671764175981425,37.37995991930272
464,24.47137086744489,-0.9280735102382662,-2.3092473124436768,45.16991190234762
465,-14.36127645402695,15.664115558421065,-34.4837209259792,8.0620741928597
466,5.758297942917154,20.890528072209072,-23.7143599902252,18.286867085811135
467,1.928442243107788,-3.5139004522996222,-5.363657123099286,11.29420799740439
468,-23.640947420559723,-0.4604823152746197,-33.08823365914082,16.559823486535723
469,-7.86108616603086,-17.852471794184048,20.82608900214438,-15.596311338175934
470,-1.17601887536936,-2.4627383206806015,5.110832899233185,-10.841182941099055
471,-21.43393303770997,-4.443930189705477,-45.34009982998076,7.773584924047469
472,2.886158511116774,16.940848047749505,5.338180831296285,-27.94117316477795
473,-31.344874129886723,5.88917473497314,-38.980595978435545,19.469690535239053
474,-15.55772305273461,-1.3577822197713203,15.465957848749307,-23.11200726878038
475,4.462618417523221,-0.2781957409019407,-17.526609755437427,37.41708554598355
476,5.946107290706556,-23.420675063690293,31.829353722864642,-7.572568239524083
477,13.201938201010543,1.1838168380517953,-23.02750532337957,11.59435515248955
478,-8.45528716060088,4.211917600861846,13.385072154709485,-18.915359061194938
479,8.075812351304743,9.764776889018856,-22.541622951432846,12.990274219072088
480,19.5746031530633,9.475168051909467,-14.683452401431259,37.630429863399605
481,-3.3371093497596447,19.029345063550988,-26.42825756622862,16.715787744116735
482,8.455471012364777,17.961085876725267,5.904242442963985,-28.766055428944355
483,-2.589791521397898,-3.1424733442795514,3.363075793159414,-10.30410979138044
484,1.2344846310216706,6.022085387905098,19.94543987469203,-14.351210478761349
485,21.587518319580656,15.721677774297458,-40.33855809933941,15.431776978070497
486,-24.733525911791908,20.39033225569937,-58.01565083918264,1.1119559476822745
487,12.803172573797173,24.701872990998545,-17.02383609664057,38.62571442840722
488,-14.404601385214463,-19.90011444505752,-2.079198277906193,53.79974724475335
489,7.280794142157619,8.48161331497661,-17.896111416364825,24.573503693305707
490,3.325467900972201,4.462781761346566,-11.912576188344108,18.2472362077402
491,-10.561744493369508,7.769058566720585,3.81601532986058,-36.05578990942811
492,-19.45679369924057,-3.672465684232286,-13.309534957218457,23.467800167880856
493,3.4790450035091083,-11.86155301092909,9.33360129398601,-20.537328047632514
494,-3.706857479739663,24.338273259736848,-25.55162587903863,25.667988004289164
495,18.433263423086267,7.278820099684774,33.68482438804908,-2.0890882744525703
496,-0.8049308800553524,-0.8909909517769986,4.3122237175543345,-4.308653534127738
497,0.5747953969660079,12.955637684954914,21.201740776964073,-2.491576380393081
498,7.705875602364102,0.3731619181269728,-14.300236691008866,17.416012872432248
499,14.485773434359004,25.068894293621312,-9.590014243794721,45.50759905250016
500,-11.254522038135761,17.276418144255764,-34.597529732537375,3.3466092115023374
501,12.829248428305206,19.40520534312379,-39.047751448845084,15.693730028025513
502,-18.182384767355025,3.146140795432523,-32.78755601910562,18.646418646491846
503,0.11931129720569969,-2.0687987584398835,-2.339585670357768,3.036417575282054
504,-4.738984666946228,9.061072799501558,18.53010856378002,-10.905232666123108
505,18.953978420119988,4.746708750232639,26.422442217151264,-12.041505766433065
506,13.56693626238167,3.5575397814319047,-8.416108142079242,40.96385150468365
507,20.87972448002899,-3.870015226343971,-31.05125085029407,24.487854050366252
508,-29.287339900934693,-10.996209197297546,-18.626677813761574,39.528608029770375
509,4.2618191191032455,20.09793250583737,-25.789138564990047,14.371889749285799
510,-7.277976193671956,10.769409399742232,5.78813362195847,-30.97927661645225
511,10.169222721233387,0.9874991470793993,-37.533523928307865,7.582121942384458
512,-5.401970145374124,-4.471084092269753,-20.688199787305162,6.761618045107262
513,-25.846982169858705,15.884107956045238,-56.47796260332791,1.663944476914374
514,-0.6416945488958683,-1.5124652426933967,0.09878343863988345,0.9693142401809405
515,-11.717172214829658,-22.843799356277568,-23.708778278573625,21.749374797100437
516,10.462777344846687,0.6755239006531405,-7.745343787314861,11.399083848172173
517,-13.119586951233043,-6.33194699330938,10.77260544559618,-29.384443031810367
518,13.747055112707429,3.470210464612927,-16.018893822410035,13.490549682653969
519,-7.419827800366311,21.307036173548987,-43.02356453478455,16.15067474387126
520,6.710443602301524,-22.20039319459384,-12.293961355928184,41.87318483619346
521,2.670574501357428,-0.28932230382611335,10.14093693118873,-6.354643001421222
522,-14.148661859569197,-1.2864277402675781,28.944627939405386,-0.5421040831413355
523,-19.55355671705095,12.921143210419308,-18.62447033608269,24.942751129368084
524,-21.230060006756407,6.826807529726301,3.4262692040061458,-35.51666397953753
525,-10.934184876667135,-16.34994250221921,34.5944018660948,-5.228401445714974
526,-0.36368299916275354,-0.02887585416307259,2.8829119882659286,-3.2140095107480073
527,-18.955081676614924,-7.878712794956831,-9.284712370696202,29.06088974853926
528,2.8947464980275264,0.6925082078328979,-16.20766046699255,30.094351394701356
529,-21.685487253791997,-6.792040400682259,20.6799260236409,-18.98209090245313
530,8.65315163545471,4.512556846053534,-9.731965621219222,15.327710477142503
531,-0.8755847535563991,1.1963527673459422,11.158898219293784,-9.112224462997325
532,14.515974494821695,-14.679384074334113,-35.97775497034839,5.019261267010666
533,-7.896556718056615,-7.383567903949481,-17.414251942859075,5.682283949943512
534,-8.38863240780339,-6.5600895262174514,-29.583810727980755,2.2451091894643103
535,14.323501086582898,-1.1771150181129475,-15.004829537989304,17.576718319798672
536,-0.5105299832268275,-2.188876446901382,3.525827245439094,-8.847228918765266
537,-1.1198809249773316,-1.1892416626939628,3.119699416908337,-4.230703882708241
538,12.765412446737383,-17.16862230294833,15.938493771717509,-26.471634367745526
539,11.446275712111674,15.122430088803387,12.555505928716208,-22.67357360908993
540,-7.583002281192911,17.4232045754194,3.985894911623517,-31.3838615619565
541,-13.656639914636296,1.2570594966183695,-15.228971355071877,14.907993053340572
542,25.770729226089152,6.522484318749176,-41.442408526324286,10.015416527292288
543,-1.477391385430605,-3.1950595762441663,3.4133512423500028,-8.230455948345089
544,-20.343888499419588,8.545346073227249,-31.987385468028286,8.84912187501207
545,15.226774405037006,3.5970825542697407,-24.5024120327377,22.963963816296776
546,15.036732058030017,0.9304561114350414,9.299179076537175,-19.42610659065138
547,4.307442437534366,16.412584857174537,3.2833010425340534,-31.567440446906296
548,17.223611717457384,-8.415018609430206,27.476771732990603,-4.18255443988834
549,12.066799683512667,-3.2875376644117886,-7.191858487307262,20.099578946461953
550,-9.294031996206456,1.0113620165427855,-10.262519328385725,12.688188507820755
551,4.496549179637369,-13.607393364480686,9.853959850866978,-30.58649741246195
552,-3.5264881358737816,12.768853898644403,-8.782913914410928,18.182133184686712
553,11.514968008892634,-7.495247805307292,24.2350081277577,-1.958694785569845
554,-21.983128570323334,-4.420634900019614,-31.441710998532074,20.447653299839395
555,11.294149181954637,-25.851931801616615,-1.3755293353555937,51.41733280841369
556,0.01944946983401278,0.34650578449542146,2.6316541082174294,-1.44993604381234
557,17.103256375850748,14.241075255221517,-3.738477528107336,37.74894766565169
558,-2.359288952147092,-2.7451537014947776,-5.068477061135049,10.620127358549698
559,-4.915478726891906,2.485782198720429,-23.684629165163866,29.867420970290205
560,-3.9675247213460993,-2.904851935979811,3.0062490816846625,-10.840827509262278
561,2.9952281059346415,11.130312548211156,-25.920929749454082,4.607573759358226
562,26.91026929879926,4.193162601168654,-37.96585913004929,14.766626724315154
563,12.226244971083712,24.656756461847316,-42.69525914378009,8.615975119815017
564,-2.112052733339991,11.573124193073046,20.517310771639693,-3.4479504931885345
565,-16.560181884232918,7.853775243926745,-31.597147631124425,20.6881530732006
566,-29.377018352233392,-14.406310205401445,-14.920300080163127,42.67819691795814
567,-2.568056684439136,6.530256792776358,9.066053369040784,-10.601504097623925
568,6.641563265375481,18.524807044350148,28.700338726246144,-9.745780767973429
569,-1.85086859490379,-10.159354629247597,-14.139528716939239,9.392335740384766
570,0.2201265487476693,6.87213079685286,7.6873144377948295,-6.9651169543685425
571,-21.65057375868617,-0.7029055081180331,10.276555784473262,-30.045272719675587
572,11.166035994897118,2.3382376895391688,4.537609198148196,-18.80015134695305
573,-10.368939419640856,-11.468281789717635,14.581290889413802,-18.53275442556693
574,13.606013116588366,-4.9835722721996145,21.73466717719271,-9.671720444278746
575,-23.0105298678187,11.593302669941952,-55.66910444045908,3.2289010835348675
576,-2.3373866902355642,1.9000215498966004,4.910700820148898,-10.19813687496271
577,-12.385240297890096,12.69006604771934,11.854997529414216,-24.20259864019632
578,-1.7625454601520398,-15.556380579793544,-10.989198500519286,19.676773864828807
579,-18.142888761625073,-9.601901488748272,26.010932693562854,-14.701860936137184
580,0.38742904228083547,-10.055704527619447,12.60200362802681,-8.958518500157036
581,18.448700707322082,3.09828213247905,32.56427463646064,-3.379403960542362
582,-14.830542999831767,-20.02680128347571,-3.321154346542645,53.53162269893306
583,14.442033995085586,-2.285067962342427,12.408449536529474,-14.556406013705375
584,15.121137068486414,13.082003312975667,33.65799476188762,-3.805794402306117
585,-0.6040804237296813,0.6444742165693647,4.047057468112575,-4.310581835861054
586,-4.086130384478395,22.124397914786165,-41.30493448372063,2.5000280814675273
587,1.210641276883888,-3.9485684780533616,-6.869249608038824,8.7892809355774
588,4.478831199715586,-10.71697767806467,15.61633858269916,-17.583480620982368
589,0.12303798054539397,0.3912944254827879,1.553605740597353,0.20775272155338417
590,21.875730280016448,12.361129991740976,-15.398791447885978,38.73949240898464
591,1.4936245379624482,0.9427113908985543,0.31401109912318453,2.743340462299791
592,-5.048418864641985,0.5345955130810578,4.662990097341672,-13.259669726392309
593,-26.052452984302864,-5.208215807695195,-32.80846324981635,18.037367622965952
594,-6.228864401676094,3.5862630225550127,-25.038111181797966,9.954393392349186
595,-10.092207688850374,10.902491826125724,27.18087279558233,-3.7357909294929463
596,11.993530637364794,-29.366841216739083,-26.992603610155065,29.733399990820875
597,12.083078136341106,13.577742343031815,-20.020995016039755,31.326806813783538
598,-8.22558970212981,9.349588814496354,-10.327375399967881,14.195231260515481
599,-11.732847975115128,15.406618250222294,6.768901022052617,-28.431649448241842
600,7.270500890307244,4.999962331821335,19.29265299077187,-12.481338517828869
601,-12.867682563815887,-0.8661053929359627,-42.53445476690944,15.217481381451389
602,10.823402846515387,21.797145317707024,-38.942087535200486,8.652289831625115
603,-9.322612503154891,7.988003886256467,-3.950078835113789,19.570264872245115
604,5.429404716967898,4.142023209699054,13.006257949857105,-3.351413648049268
605,-7.637535784009236,17.02697640297779,5.126352315820827,-28.87059258773528
606,5.37348106037799,2.536391430736334,10.553821411812871,-1.587064042447191
607,-12.188906977713938,-18.964027345973694,37.70219017999449,0.6070343137847404
608,-31.5204092657407,7.261983285896759,-41.5059690618233,17.708478048028688
609,-2.1669040118448284,-4.359674817139995,3.7157894839191146,-9.217700153309229
610,14.78763880559105,0.9863726196747049,-14.91205218639881,12.930375250768657
611,-0.49975071992175774,-10.044802568513958,13.870567423471849,-9.72806487637658
612,-1.2018782317100318,-1.1557152628401315,1.4090631848892956,-4.286329866533123
613,-6.262015515649601,18.552346913581424,2.081507317449756,-32.461311136922646
614,-24.591655741683375,9.217495100897455,-13.397681296887859,30.905601677744347
615,-9.626447276346974,12.021560147034497,6.104686655396506,-34.21205623536797
616,5.332253420634796,3.2129971519952414,14.155809060404076,-4.709243745863561
617,-1.0407835344647944,-1.039514009377363,1.94822636444644,-3.2493687511190634
618,0.6244313155108459,1.0789844751301523,4.7969118355057185,-2.338874883940054
619,3.9025206987923355,0.032209405751404886,-2.1188318369596773,5.856414317260343
620,18.172685752174743,-11.925747712438854,10.62184059969935,-32.27779829919605
621,0.4728740413082811,0.020776082265831608,0.6274958253393615,1.8655960897014023
622,5.586082902285597,0.5742875341473388,14.10487217706825,-2.423066340317428
623,-11.597803624790567,14.09552734429069,8.60264524826162,-26.75334089978797
624,6.1618163564465895,15.10464840337131,8.180456746029318,-25.65583150654455
625,-13.19495525622879,7.267179593787921,25.793082578642736,-3.277052086326029
626,-15.878942828842767,-22.215008874329722,-3.6745049537090386,53.12029075323752
627,17.694989932642052,-14.89530060186512,9.591497270078692,-31.06057335314016
628,-2.997266182077984,18.265387540091233,2.776599908897636,-31.01791496561455
629,2.6087880049178347,18.00025066595075,17.163880985209282,-22.643560570109422
630,-7.118153351604495,11.921319555571786,22.539797157671533,-9.306483738944912
631,17.443447551367875,-5.392010101143221,23.69164189833327,-17.353085912548575
632,-2.2410119542443754,-11.252373626113574,16.236361562771783,-4.969522095474032
633,-0.4636967410363705,-0.6610567622869954,0.8856179175331519,0.6929123330762257
634,19.737620619753763,-13.643163365653706,7.0527809936375805,-34.33305235336177
635,-2.1253938846404616,24.570095786080696,-5.162751516485423,51.37277517828157
636,8.811088182593611,-18.810710300781942,1.3469425708632072,-35.93384506931629
637,5.459277779271336,-18.613422435972563,25.80670319894878,-16.570823383495604
638,-6.075472623400538,-12.379531066772115,-12.369670500663052,18.73205311816072
639,7.454351084678686,4.055652213932836,13.762955119483289,-3.981283717464944
640,2.9251777495389644,-19.94144988504354,-10.624274189214905,26.826600315325685
641,10.639305159248838,4.71976828506771,10.71529352615956,-17.579630766193876
642,15.61733100101496,24.906553813924432,-13.033007352382935,42.7004033381361
643,1.784758594698489,14.750716016102022,-24.55119645089898,30.205417406797853
644,-17.995609818686436,-0.05970046274587133,-29.587979130292005,3.792279327688953
645,-8.58622311115423,15.102882239779234,25.12513909000292,-5.65478926207496
646,7.198860946192484,0.8900719624116302,10.949523172478944,-9.83900911083283
647,5.507928407906255,-12.76147992600526,21.683209963612107,-4.920547870217997
648,-15.08643174982721,6.992726596680944,23.237382951796068,-14.30705373446385
649,8.744871848477198,0.5549326495422933,11.125280443253772,-12.293390746014898
650,4.569025409420678,2.4455300193005876,8.130288660159675,-1.4100039934966515
651,3.8708740544525346,12.152874072778431,21.09459845438942,-2.9169822100645253
652,1.6507971049026342,17.64727871042782,-4.754921032842033,29.905801695614354
653,-18.937053608601552,6.625099060384838,3.031977361091564,-35.1565128383462
654,-12.688717331033313,-4.396622802935967,26.7318118768272,-1.7247811725035014
655,-14.770999698518253,-7.7239854184678505,-19.61658390471792,18.989610210969246
656,-5.05984721205756,-10.359170177319236,20.15766443814617,-7.532542366233741
657,-22.913203348589327,10.99037898135629,-13.76332116043273,31.081338019667857
658,-18.328685757490117,9.434097684390569,3.0396595445490187,-36.21805516511181
659,-27.448530192389665,-16.527205914588478,-14.333889629500797,43.652558983262395
660,4.342830239693455,-16.42676518553155,-2.4998008728985033,28.209531823957928
661,2.419366379102512,-7.0365461519507475,16.124976612682335,-4.985771755918057
662,0.3766416194699195,-1.9934912459648828,-3.1794648023022303,5.087605472294688
663,25.95450484000067,-3.990087105262907,-2.7128642885527006,44.53013123438266
664,-3.5363823466761817,20.870523394572732,-21.061004799456985,19.013413789266504
665,-29.378293011351474,8.38994251348953,-47.249620086408775,7.792355438923423
666,2.455686917443678,0.6935601010518005,6.510993215152166,-2.0379568367169076
667,20.615418140671387,-11.97551931455512,3.0784439474087053,-37.478102322141055
668,-5.84028396764316,-19.26926635869832,-4.180224794334561,52.401647507634
669,14.363628502968652,6.144915733034458,3.621877459203355,-24.354838446054465
670,18.58820686530359,2.07826801016331,27.522944817614285,-11.089544674717281
671,-8.063464912285486,-9.611298326581275,-8.439292040172656,30.166276155470904
672,-1.3970508333005855,-4.693984314582305,15.040850484016172,-9.350258361425805
673,-4.737389466920641,20.375842021586198,13.987168631588116,-25.321133279465265
674,-5.324625095344985,-13.29737943901154,29.16652051954992,-10.333683643677272
675,-21.396744167332997,-3.271246137712697,14.07228172774452,-25.081739411626145
676,-7.489132871932904,-1.9658927723533086,13.535895126937834,-11.59529504859113
677,-13.15383341853909,10.105522290122014,9.633462186373162,-29.530576232351176
678,0.509659491756614,13.211195942169363,21.5006285516822,-2.663730564717868
679,-5.7571405053020595,-4.292091914153178,8.711456013818866,-10.815849338128057
680,13.402281991938064,-15.742256335362649,3.22445830893986,-35.710642771448306
681,-23.91601199277007,-16.109484063002387,-9.85508319935025,47.894833853705066
682,-9.335304686055819,-7.5402371565240545,14.196195959928513,-6.159883825363112
683,6.986871452432446,-19.3076063646438,21.239071406618713,-20.315375118848056
684,12.685136906629122,-25.030382448047437,-1.9367275099763446,50.186506758648164
685,-0.2051700550047136,0.13350986022151728,1.5336627633284183,-0.7820697757828998
686,4.00967859248374,-26.981034122402555,-15.079055993904628,37.863025521656645
687,14.387643566480154,-23.489203628667887,-3.81458515979424,48.39671698438262
688,8.634901127971576,0.16073977052834973,12.79786693213847,-8.182564797556307
689,-11.70866660842746,-5.03307022820903,14.371513774680938,-25.794146260040037
690,18.874489188889143,11.147419127196773,-5.421433840367998,36.099886249884534
691,-0.6123593652386026,-2.3089186723161164,5.251810849440057,-10.118019960528834
692,5.647944122109542,-19.836449241942827,4.7603456720522415,-32.517450801446124
693,-18.285831455688804,3.187073254259679,21.23698443049836,-11.702478088071462
694,3.100587802163885,0.6854034786214439,6.590143517813462,-1.9675049411515353
695,23.285947557560956,-7.17849452774372,-2.4509001437852582,44.54112587666501
696,-0.4513005137159375,-2.361196617305115,5.0547776443193495,-8.50971135386023
697,-24.91321473670144,3.907347320034387,-50.198323675310384,6.377872834357884
698,-22.865189252958903,5.646444100543238,-20.383185960273053,21.605487489792907
699,0.3108276610551177,-6.753114547516941,-22.44209446832611,5.495964852861272
700,-15.497345419354428,3.1897761388644805,10.694757174871476,-24.91027871957844
701,7.039177274303521,17.127623694569607,-25.38372703826866,12.33653209822769
702,-0.7258182231495579,-4.68436711587716,-5.832444210360055,5.348124381923301
703,-8.071076969538822,-16.47825298014824,-4.639291623450159,32.973663710350955
704,23.59185221119709,-11.171754440089137,-31.165901407219945,22.706065861639342
705,-5.5787161826517675,-22.54520905083151,-9.364494976748697,47.90461975107347
706,1.465631293836457,2.3484090706940246,5.623526252460318,-2.8265426958910007
707,-18.83623667750339,-4.589619137912531,-11.649278280343113,25.749862846014583
708,-11.34266274658443,22.42051350815744,-31.779244153989502,26.15882383069237
709,-12.941509112262306,10.163935536987504,27.32670752323109,-4.669369056716509
710,-4.8066220911415405,3.240831312374861,29.251433112862422,-9.110505661855445
711,22.066983244760397,-7.7644693045189,14.902388713129264,-23.70506316039262
712,-7.437829179773625,-0.07387761540900976,12.809865065310401,-11.421815701951084
713,3.6550365663065003,-28.47806582884016,-9.489080558633036,46.5993958298571
714,-2.1792817015122434,-2.7110673073676788,3.1839652322255305,-5.598166210526427
715,-15.49981733484238,-13.163642145225285,32.598593527772906,-3.973094518958437
716,-27.94845761386032,-6.998669722515416,-40.3807782164961,14.710958592100207
717,16.39477430109107,5.85043279872636,27.08696424836392,-9.571326678874065
718,0.3485700875607399,2.9684130446809265,11.977871683361764,-27.288552496871706
719,-13.962707636833695,-26.012337676343048,-17.283831612540524,40.93741607287777
720,-13.032959415203754,-13.655621049246609,21.121049169707117,-18.754715890013507
721,4.17895655688554,18.49290302148474,18.541891022276722,-20.69733675816361
722,0.15862145061384933,0.4000712213546972,1.2614241114828646,0.6492979159171195
723,-4.717807504647251,15.480185835444487,-12.934083720687777,24.080016387214833
724,-0.3573512360290153,-0.1943720240480206,1.862971750411957,-0.6906478672787394
725,-20.3835989874174,-6.758276082075791,18.745703603072855,-18.377084409636517
726,11.24120178265177,2.9852287110594284,-12.000647646948213,11.055567835197575
727,1.4007120229478771,11.330636625019848,-4.821484706110536,43.431068758163136
728,20.517156718097862,3.781564937029544,26.91650360783437,-8.63906450289004
729,17.847904047041574,-10.17715479044729,-30.709344731541734,7.3065162583434615
730,7.069964496355299,-2.3407962783191394,-9.290584183434927,7.863267376494574
731,-1.4787985785999447,-8.147956329877335,13.787011168912112,-10.856680844521575
732,-9.044422912304476,-25.081594040843697,-3.5489640938826037,53.62045328476523
733,-28.21452973673586,12.498912868328448,-29.66887274327134,28.09283117599569
734,25.05306267027581,-11.594922676873555,-43.728087973073826,11.392211172954642
735,13.273398789755749,19.379802525207914,-29.111470934915353,26.545312719708516
736,-27.645717766178905,2.027852496791735,-19.896788941602246,39.04404413190594
737,-4.358339426301513,12.133205296195502,13.935112346090875,-13.367088027223463
738,27.078393400076834,-1.0426420237813847,-47.62943208441594,7.856117500394012
739,8.246598497801354,2.4072524421493204,-6.741263999105717,15.321433321553972
740,-10.29683024843615,-15.357840473182543,21.66563278950699,-17.176696751538888
741,-4.249968340110923,-23.496428839563823,-19.12002935184466,39.04706426832496
742,19.99007036952369,-12.139327675346225,-18.1859938784233,32.820385683837074
743,18.725830338185123,-14.272820056359887,-27.052735345666843,17.5881077375897
744,9.799528598526226,3.4586562443950255,-22.157458159725586,21.142366674645608
745,1.0891103774117283,-11.642786362775574,17.266833280412133,-3.11960101815352
746,21.53069284556928,6.598091650745149,-12.415034190074152,39.062024262846386
747,-16.256939057821125,6.7624538967820325,24.19263479470749,-8.178068028002059
748,13.359234829186551,-25.051081252798856,-34.70073355380636,21.86667977479908
749,0.4049002709273683,0.9262932648148967,2.690394927185272,-0.939151884774551
750,17.238536476399652,0.5961086866603698,32.86663902962127,-0.4106425925636124
751,-19.064412503958334,3.2925917936771194,-46.60611369385125,8.697774427981784
752,2.774062001766951,11.601699468548025,19.557855344729624,-3.454155737120312
753,-26.387546162934438,-4.612792877884706,-31.51618263909375,19.30126843172526
754,-29.17622349100654,-15.880438680127378,-20.28038826780072,38.22847288226361
755,-21.622286999940663,-15.360788854113645,-7.840782700295525,49.15261918658355
756,3.91155938921755,0.23435545680938494,-4.628634136303889,5.12433840897692
757,-10.014870707002283,1.4665673970726625,26.678813042308025,-11.033680076410558
758,-24.551615730176454,9.11920358583259,-12.08988127815202,33.185983154902615
759,-17.5626581541105,13.290426035333747,-31.903458944034906,6.3935894260146116
760,-0.6144180147342255,-0.37578721507922186,3.230380041016647,-3.589815596521047
761,12.429360790510106,0.8978550881235752,2.833030506867447,-21.39017585117181
762,-18.98329672903218,-13.740704282623895,33.52394866893057,-5.452516068518847
763,-2.7880130120898365,-3.7290569105459235,10.527078802600373,-8.746005787384941
764,-6.29551366214389,-14.046879509859957,-14.608763121962477,23.605797212843974
765,4.711996268130015,-1.0404289892040461,-29.248934465461616,19.714358464984265
766,3.6596574298149314,-11.283436068759238,22.197234708624844,-4.803354870969543
767,-2.2635509385947135,-5.406861481419337,10.504513936002319,-6.442465423988466
768,-5.314053521663365,-5.495196577086528,-11.544416909550161,9.429176223374679
769,20.875072672107642,12.605059985965578,-48.75161200732704,4.1811925432660315
770,17.935383438955625,-9.790083833014464,8.815145561173496,-32.720749850961255
771,6.482686223134801,3.1906866704964583,-6.0366536987301185,12.615096983129167
772,5.726116199743396,-17.44003030445767,20.463901342285666,-20.782711255485474
773,-0.3894750655026426,20.480351076310438,-18.21973394205985,21.09582445028509
774,7.004696004625193,2.195283262130011,-11.906142681048884,5.695328574536089
775,-11.433228724072903,-7.450819104977977,18.619614172059052,-20.120169558477834
776,1.411158503348955,-25.95263032986752,-7.418130371770587,46.150427688330616
777,-2.022802874662994,3.6468878302471417,5.4368314935713435,-6.653713648550801
778,-29.6907347515872,5.968458849650082,-50.87824682625076,7.508989241014193
779,2.365762490220345,-4.429206091284569,-6.041537785966575,10.631090012901558
780,18.28265407240378,17.682361653240147,-48.599210714095015,4.230700285528545
781,7.669994732202933,-0.4813783659052933,10.83155511801948,-13.068138947476953
782,-1.5475169694533892,-23.899180385184458,-37.26309520006692,5.489546677079953
783,-12.634420558267669,22.763466387800005,-18.152842837162147,35.17118046555053
784,0.7109933727079221,0.18294198144268867,2.49597191076743,-3.6410751263287944
785,2.775361135970466,-24.088334220278732,33.98218373407484,-4.758339337086351
786,2.119094438114267,1.8499862675750076,29.47049073340788,-6.187947779408666
787,13.60336056297839,-15.696051394188084,1.8206788801358396,-36.418611711310575
788,18.272091455438783,-14.690090224294753,-34.01517056491852,9.152669811470865
789,-1.0951168990902556,-2.2657294962379675,4.016051399901818,-8.689027071436543
790,-2.4957330830391116,4.070201627150712,4.83604276771034,-12.377935122552643
791,1.1554096944001329,-1.2816576596760219,8.500390044283687,-11.144314915817304
792,-9.845976632303726,3.862880011591669,-12.530167903773883,18.71683998332397
793,-28.2240806763236,-10.879308336869814,-14.374579398905928,43.393159705670286
794,-16.756815319288656,15.684185633503343,1.8738376181649854,-37.393521598257394
795,1.0013229006508861,27.804565276053392,-3.3131409365742606,52.22084515907579
796,-17.84357568756036,3.83791440067192,-34.94857842462612,15.293321284012842
797,15.946625564597454,-13.223388694522518,-34.97955217378647,7.574257991793052
798,-13.710073259550114,-11.042880229956253,-3.6772599835348316,52.28372073255626
799,19.300336805961877,7.011435495235419,31.696586916731736,-5.888774104785641
800,14.474223723433672,3.4770423380787485,18.22974668865411,-13.353248411641832
801,-2.2175537351790595,-9.217379443597897,14.15037561870157,-6.949583968230075
802,-20.88289224551422,-21.62708010165301,-7.323809703670962,50.46838253246844
803,6.356302889559225,3.524777385903696,11.390050548030619,-2.567280212266144
804,-0.24296211411127233,-3.2380627048827506,-5.672021828223256,9.302083481112287
805,-12.905412915890793,-16.241989338671583,25.5324864366991,-15.072888257473863
806,-0.6499658740374366,-5.119194746539928,4.240470787464636,-10.019739283995657
807,1.9105778826675999,-0.34850855857061186,-4.222676994644617,10.432996068273173
808,9.94141690105695,-7.702168901474579,-31.09346060838073,19.787658761462776
809,9.133669599036859,-14.384640032389573,-28.20394497743718,26.27165979078431
810,-6.675351434873029,15.577475525999017,-5.940718746813863,49.97791098023893
811,20.78689438793795,5.262109998742098,22.9895754465001,-15.48106653558663
812,-2.588333179674515,19.477221425090576,24.438359799844264,-14.075523842919662
813,1.0338236291584697,-19.166233300807903,9.69397409917293,-27.559908023042123
814,-12.426565935012581,18.6147470309998,-29.533409732888565,15.575348323961247
815,13.403869404344798,5.625145591162087,3.578697841344688,-24.086963294434305
816,5.0666288919070235,-5.492582787257347,-10.836049964606087,40.440613287364236
817,-5.364579076964898,-8.919854210399958,14.655818900235975,-5.0603514783026675
818,5.311129165682495,0.5761986246684452,12.898414937664167,-5.998249414811158
819,1.172297952466518,-7.737721398600068,-8.546619870014455,9.091478847912501
820,-12.406627820462333,-14.730839933865122,22.533746777683398,-14.129488588347138
821,1.0608063055618393,2.278513840069073,13.783354986307618,-8.196873301997181
822,5.10137942845031,3.8095724386300716,10.036695315225476,-2.279038475376352
823,-4.366261261412048,-20.332642769197587,32.38206204509098,-9.326019536461656
824,5.180278835952306,14.832792467516049,19.853116006790415,-20.47230284014443
825,-0.5874153857491112,9.093971526131773,-12.780256000509095,13.202087165272786
826,18.107403147916198,-20.433153710907643,-10.022138815058733,39.36451852227754
827,-7.131136457444032,20.396125912095208,-32.29164799544164,5.740748383367035
828,-11.920698236632381,9.27569247108654,-15.669421614841855,27.198083162030827
829,15.414893955428429,1.9052272086632158,-13.302851614494514,34.0575865688165
830,2.832561092613448,-13.985111966938385,23.92443071422305,-3.28444219932108
831,20.121029440725266,6.793789186134032,33.67979691273303,-3.2521106677291973
832,19.46687724238311,1.2763066641326395,33.2007112446829,-0.6749572478446177
833,0.8022470451713499,12.872416651138286,21.009897290389922,-2.6450228192716554
834,1.342987166130161,6.006216212185407,19.052981950567073,-12.081920908438502
835,-27.51931278507444,11.978282811183664,-41.77266496560203,12.786625194632249
836,-11.17862173201382,-16.014521594888635,-4.301007297120457,33.520628864080486
837,8.938095890791697,0.8210641985798908,-13.050074246208638,7.740027350969569
838,-2.604714288135752,-10.412476946564569,19.60505459639091,-6.675668795771541
839,-22.083148780896924,-6.866055298432634,-31.302428871577956,19.093556276797223
840,0.08621479266211776,1.181905330490633,3.403823692008442,-2.1186782536522504
841,-4.479726193475644,16.10442711135296,2.431697582919654,-32.59435375682621
842,-15.925277625193408,-6.7112524771266235,-11.65877677452993,25.79179621350495
843,-2.906534331105933,-2.700228485456157,14.49039624567068,-8.941855560315505
844,11.771160185203438,-12.94172410573473,7.770684891305292,-31.162259541472434
845,-0.7264168241736781,-1.1011552749154712,2.1781309182228057,-6.804983567604547
846,1.2955161225136151,0.8219468972836017,3.2708101055676257,-0.8082950695167419
847,10.247950954896702,6.681475266196417,5.241279435475937,-22.770379311859905
848,13.14128978451295,6.424550291838193,4.760470026680055,-23.53358414122867
849,5.392503797576911,4.034930454268367,21.03427474646011,-12.576335835113262
850,4.323681994211002,5.7785155151136225,10.617430050446767,-4.68468786432863
851,8.000655960995436,-25.948780356139274,-10.096490949083485,43.61540567634479
852,26.25120232685228,4.98410512978076,-11.268092386080486,37.252688845809544
853,-2.1029128190709603,-2.226995383524862,2.928515580682243,-6.301216778451673
854,-29.290779160242767,1.68191071534061,-36.89603177462813,19.194803090782653
855,13.843002975321875,5.268765230140413,4.133894083273528,-24.114627188925198
856,17.82689022756724,2.5673516466983015,34.206076517989864,-0.16320104733524327
857,-19.698429338548948,6.653754778087029,-12.200344838810373,31.452152689935918
858,-21.365009561230558,-1.7374632862231216,-21.35915367145724,16.970465914762237
859,18.07253969621367,-13.34610334649931,-33.82818764648802,8.254432255881415
860,-10.613123623401183,11.16697008631808,4.289402634686742,-36.07419239086809
861,19.719162356826708,3.4542024362868076,23.98431804440835,-12.917588053572654
862,-28.349000100968357,-6.574245066045772,-45.841071134751495,11.012796626498385
863,-5.832199972753277,-16.47023581104831,-7.528826465824649,23.83620864767904
864,-11.786784299710463,21.514737935560966,-11.591489896829913,38.05901163849626
865,28.908036830203553,3.2617735799191627,-44.28873812362212,10.263276727854143
866,-0.7219315011274958,-3.332053958016702,6.475129481006919,-4.701138718368104
867,-16.77133189782057,18.630038595377034,-43.22108781872696,11.818442684736379
868,17.749275147971847,-12.939567058800185,-23.79077758281732,30.566580964660268
869,1.5754991641811897,5.006246163106562,10.234494534390022,-6.54149992562493
870,20.90543449364173,-11.967846351489731,2.7660904097700856,-38.001232415329405
871,-22.11626576963265,0.33130405267647467,-18.45666250384363,21.457414215033733
872,-22.167535080839112,7.884180487390921,-15.599147269143884,28.725059244775842
873,-14.747167695745892,-2.983445262243256,13.303698082999379,-21.527610777866983
874,-14.663877953735977,-9.553323566222286,34.06180708941472,-1.8558987185180928
875,-26.31855242225219,-15.799073999212954,-11.584421041682466,46.135717805495
876,-0.8599510431766773,-5.696665198516788,13.164179574479723,-10.471207198757934
877,-11.014968216323345,-1.3481282289594168,26.960262044638988,-2.841816641790001
878,14.338116683554322,4.661538436840713,8.041802452855958,-20.81743496430928
879,8.861027674839786,-1.4355467033309792,12.59526519663611,-8.808920622731273
880,-3.3750883632713538,-16.670251538019762,7.834042733284354,-21.902181279166932
881,14.350124167371566,-15.08502551759807,3.348359922038069,-35.28936552525047
882,12.68815054080913,4.492112122962203,3.131061836044144,-24.364952664931778
883,24.206620466676725,-3.5649939263420727,-9.105504576958005,38.40457464892937
884,-25.952844728524145,-5.43020987036123,-40.394124240483244,14.331480804669763
885,-0.19016558419354523,-0.17324808214038326,1.6056163686590015,-0.09846848750957209
886,-5.009839312582266,-6.410572474320245,17.488890974709726,-9.549980518358353
887,-11.759217127091052,14.77326687141252,7.429414096254479,-26.880631693297612
888,1.7161028686555195,1.615832863824933,4.797725298994424,-1.6256533287766046
889,1.834215018996069,1.2472120078453488,4.028466663658636,-0.9972475973207162
890,2.160716742720715,1.7894551456209804,4.963774021749506,-1.2381764730644629
891,-3.0152557481966378,-3.7387034917556434,-8.019665727379389,9.330936323839122
892,-1.0339214361666051,-9.141068451582488,14.8035694014874,-5.910974117619732
893,16.47351773856918,0.5485291509007976,30.723478341188603,-2.289639570181793
894,-3.4281073121871444,-1.6965079326999983,16.856651957817938,-16.591667687817456
895,-6.817249663695899,4.892580016504919,-11.684242643374882,13.779411887670838
896,-1.0890446206276925,-11.09247842406457,17.621957808214603,-4.567078404424052
897,-15.443394942667268,-6.212084243476312,31.93926758561803,-5.28197519771157
898,-5.0111523427833,-17.550219206893466,-8.222515675937931,22.91818181152886
899,4.971231482343238,3.0012020938817443,9.314061976496731,-1.5951901300757256
900,1.836233924101069,-10.962923362431775,17.55605425675883,-2.913716963448698
901,5.307752334645295,-6.619651449625285,15.776941903752995,-3.334949704494677
902,3.8989506119988078,-27.725129757374372,-4.400955813651797,48.48109610999453
903,2.9839274984437667,0.3641000460403416,12.042716065619143,-4.334799055420159
904,12.47982535587029,-15.014449102860794,4.4638112849627465,-34.729655324768416
905,11.249241809235665,-13.192821104095296,-9.395479750725299,37.26910450941582
906,-3.4254609720966016,-2.006909442331331,4.016972705164931,-11.763923215139325
907,-13.171097090279446,0.36450612708378943,7.963967217900621,-31.690166404225028
908,18.0801010227156,14.119271547097323,-3.856539821848604,37.162077120308545
909,-28.461743002991398,-12.207408937570921,-14.8681715986169,42.51404737500418
910,-0.11840688837890952,13.078437994365308,21.369254991288784,-2.4073438450213356
911,0.949722375694091,1.5079445039917168,3.543323891474665,-7.78022435061351
912,0.18205336109042064,0.03480612896315212,3.1489976706217324,-3.6351268648516433
913,3.9902727898256303,-8.915548531820432,-17.41875915737805,13.173818962489047
914,-6.934347909011696,15.430623668262403,22.209252895895247,-10.247498246684149
915,-19.84778292311728,5.1457190949237415,-25.067372342754027,12.02769947119386
916,-14.118712010591357,7.705929447440553,-14.032016855558089,15.656592647057412
917,2.266041498455615,13.457891235025107,20.97316645758547,-2.649158464251724
918,-13.06710715768194,-4.797427687593084,-8.627647021802417,27.441139005650832
919,11.312079491097752,-20.950017284184707,24.43103302413992,-15.188092963819894
920,-7.115274327285926,27.33211912124147,-16.742056954133627,33.76209954410784
921,1.6969325245301747,9.815063522385922,11.121064087242255,-5.479618002484638
922,10.288240619967103,-18.85135427320447,-18.709039331371564,19.567016442106272
923,10.431169181002554,16.40020261099901,-22.800860132155243,17.66489306513384
924,-0.5067298991626539,7.281726404437235,6.350442650995097,-6.823012288069293
925,-8.388036855692365,16.607964009863075,7.219349038852746,-27.937511401777716
926,0.8455801947073287,0.5602393940648022,2.7723323086076768,-0.7226378702513372
927,-11.663477857405464,-6.274047598607704,-2.0611288981145295,52.40961369384745
928,-30.328627486688475,10.452856141820419,-43.70627028747585,14.976971950616141
929,19.392248470568536,17.869649883826476,-47.195874223448044,4.486641091959207
930,19.463621588532238,16.14888948473211,-46.088841271244206,6.304630724050567
931,-17.98316630165592,13.53802752447449,0.1644506118110911,-39.291821666339565
932,22.068757210837983,9.988171794800786,-47.9132216247657,5.476594858296812
933,-0.9402240341174526,-2.159386109189839,0.18734574443742158,0.2828131767195352
934,15.841524974253776,15.653134413880338,-11.979155877870113,28.87904481289531
935,14.000609317114913,-2.2921966870400063,10.847439044021314,-19.025373317871207
936,-2.390560787247441,-2.3728692957579276,2.513633281140521,-8.04510650515666
937,-21.42175412054777,3.506265847973631,-27.261109462522988,23.502886623818743
938,-0.9729102512359435,-0.34899595728129523,3.3967241079434265,-4.030963421499207
939,-1.5039510591889234,20.885767691112484,17.84426187332637,-20.318561328369817
940,7.253339311250739,9.853488071959315,-11.411232669998727,16.240870848088786
941,-4.050012698930569,17.807059843789297,3.215003291265885,-31.567508608026515
942,7.63125736098374,3.2132291009552816,14.393284331491884,-2.930778795312622
943,20.455854533686708,4.762259061167941,31.14809289514698,-5.93574692185142
944,20.79918770757715,2.262090362536615,-49.213404507264535,6.655979871995996
945,19.152929656358772,-0.13430079552632432,31.706328743405656,-2.106858604053868
946,-2.8846410696594442,3.4874200052099638,7.103608336216803,-33.83015075692474
947,-3.3591397673556798,26.42884318226196,-16.839872110698554,32.837255479156624
948,11.315287916909782,-1.8628996715609425,-36.61994006624937,5.971058930382555
949,9.041644380774077,-0.5161428218769563,9.534068116562441,-13.633238241941985
950,-12.379185014419493,2.399699376705704,-13.602542408159328,18.142767856672418
951,4.8851950839661145,2.267571523480617,-6.0579943896360176,14.540148001047623
952,1.2404345742208853,-12.468186619235022,12.413287442142057,-18.763866893983742
953,9.390358163580197,-2.591096409143028,-9.653327599756278,11.524626923830215
954,-5.417959693661721,10.861503680771246,-31.72941334889749,5.611842626267294
955,1.132843011320466,-0.03767329970476176,-0.40980064911481706,2.9025452345434717
956,18.40708350012965,-3.43008041420837,-15.814011884494036,30.516918601070927
957,-1.738842895120697,8.529746358242328,7.903160794993861,-11.306132680632599
958,24.582927849756363,16.580743695307223,-22.53500814829463,31.884453400992065
959,2.5173619534981517,3.6852185213356834,12.143260712914504,-6.9136475573413945
960,9.676072109027533,-25.242827237585953,-1.063538593430796,51.65989441888181
961,-9.723508009614633,5.982266892669712,-9.343797728414334,19.216162654384796
962,15.123970457252245,-5.193908766752247,-34.126741817454686,9.34759095940505
963,-16.690248705887118,-25.389065103395616,-15.28564772453592,42.28515198057754
964,11.852026381025446,8.220179669054446,1.9728075507114653,-25.727667827226014
965,-0.25140098363456626,6.009125337634839,8.511385681865812,-8.035299158532158
966,2.1314896121882794,-3.21129968737228,-26.030599757492894,6.394741980860834
967,15.015372872544793,-1.0816216194018822,23.099418116404784,-7.466623422769848
968,-30.346947158851854,9.654074511065321,-44.95037220575911,14.49350783366464
969,3.4867046317556927,-16.83562235469771,-5.486494708773101,26.75063136359443
970,15.654110490968296,-2.1989648528860526,19.506134915574926,-10.074428323789563
971,18.720190087374718,-6.266801421329356,24.01110589027414,-17.613463906775603
972,19.256609070775703,-1.5815214699713431,33.09097751787749,-0.679500960992095
973,0.08230184641710032,-4.9903586581112,3.986043054941193,-10.352689219563434
974,28.960192846625365,3.648724164022524,-42.9721327954122,11.25955857065479
975,7.169118949519129,17.60606399425615,5.159080753304484,-29.971649070605974
976,17.20022538218637,15.35805201490245,-4.311896208824498,36.73478709434086
977,-24.725404963552446,14.115897292224693,-26.839306586936413,30.09936624227536
978,-0.6923424575314417,-0.4726781438281903,1.4847055189231801,-1.0741119011466016
979,0.21546771338892384,0.2546870217363555,2.976882288523044,-2.7784482404348
980,-12.910013695779636,10.528091048361738,27.843681583566156,-3.5846331520421764
981,6.649844026569065,20.555372378044122,-21.90337879861367,16.110595863099263
982,23.717995005309696,18.990664721558982,-27.021086669001438,27.01137729394869
983,14.011160735683243,3.34699389968697,-12.311143600553061,12.977223460958504
984,-6.718662588136633,16.13128359930881,4.335290457238354,-31.236709231226314
985,1.8614996066648313,17.267355116587687,-2.326798854389965,32.004196076292075
986,22.511024945424346,-0.04398616712422578,19.687799195671246,-18.97982157245074
987,14.200745471080799,-7.83943109472432,-15.182258728773078,31.041521735946823
988,-5.613419325309584,-8.899900821586494,17.554951788435435,-12.07295947023685
989,-0.8980622305277496,-4.702883552881741,20.716015427296032,-18.518661590573508
990,-15.233292390978425,12.74823997309259,-32.30469205054929,6.663892877694337
991,-30.503307640305724,5.354606810478623,-35.71369034669067,24.145916808953242
992,26.26207564320398,-6.028627944604171,-50.43882501045555,4.64760340241755
993,-19.111173522006123,2.5498083080996725,-30.58533221078065,3.004321458188708
994,-1.7282504717179616,1.594227670812314,-28.596945680813423,19.450669748308563
995,-22.124699013832792,-2.457995638509505,-12.101168599350649,28.847954821939027
996,-1.1541986303264862,-6.415351185957722,22.01303705493508,-7.395028956312933
997,-23.849295917802156,4.6554542964188705,-19.97186959497403,21.396963158368415
998,-9.011350035290732,13.53785650139801,22.47205198502848,-6.839043294278835
999,4.919123822978358,24.665518185139014,-42.36461375350221,3.157596478018502
1000,-0.3800090239617436,0.983229931775378,4.724600209041997,-5.843633700059164
